feature,country_count,rest_count,log_odds,weighted_score,feature_type,country
red_chili_flake,1,1,5.154446996128335,6.940842197484352,ingredient,Afghanistan
dried_apricot,1,1,5.154446996128335,6.940842197484352,ingredient,Afghanistan
cow_foot,1,1,5.154446996128335,6.940842197484352,ingredient,Afghanistan
dried_mint,1,1,5.154446996128335,6.940842197484352,ingredient,Afghanistan
slivered_almond,1,1,5.154446996128335,6.940842197484352,ingredient,Afghanistan
onion + yogurt,5,25,4.184981836327033,7.934222253220221,pair,Afghanistan
flour + yogurt,3,7,4.680973149403592,7.925576490189501,pair,Afghanistan
garlic + yogurt,5,26,4.146655856790112,7.86156080530694,pair,Afghanistan
almond + cardamom,4,16,4.278648280220047,7.7217576582986,pair,Afghanistan
lamb + yogurt,3,9,4.456670177669648,7.545798546006955,pair,Afghanistan
harissa,3,0,5.6997162477349415,9.650458494844127,ingredient,Algeria
olive,18,198,2.898158226602434,7.16488325170248,ingredient,Algeria
phyllo_dough,3,4,4.087947331914366,6.92149649930836,ingredient,Algeria
olive_oil,17,181,2.826728237021746,6.9118759687893805,ingredient,Algeria
orange_blossom_water,2,3,3.981432456800314,6.168457768571757,ingredient,Algeria
chickpea + parsley,5,7,4.112628763716989,7.797049529121781,pair,Algeria
cumin + olive_oil,8,20,3.6995367485879243,7.763893282965882,pair,Algeria
chickpea + olive_oil,5,8,3.994261103665118,7.572638681195756,pair,Algeria
chickpea + olive,5,8,3.994261103665118,7.572638681195756,pair,Algeria
chickpea + water,6,13,3.7524409356036807,7.40339738576459,pair,Algeria
yerba_mate,2,0,5.6059955460295985,8.685403344573002,ingredient,Argentina
mozzarella_cheese,4,10,3.8243307939036337,6.901842278602489,ingredient,Argentina
ham,8,51,3.1028072949379024,6.511589518525739,ingredient,Argentina
roll,1,1,4.4555094114336855,5.999671304680466,ingredient,Argentina
egg_wash,1,1,4.4555094114336855,5.999671304680466,ingredient,Argentina
olive + tomato_sauce,4,6,4.278648280220047,7.7217576582986,pair,Argentina
mozzarella_cheese + tomato,4,6,4.278648280220047,7.7217576582986,pair,Argentina
ham + olive,5,11,3.979681653901961,7.544997797847963,pair,Argentina
ham + olive_oil,4,7,4.144534306745956,7.479719628076317,pair,Argentina
ham + oil,5,13,3.8243620668697207,7.250530540404919,pair,Argentina
ground_lamb,3,9,3.3487338121264143,5.669899212447596,ingredient,Armenia
nigella_seed,1,1,4.189654742026425,5.641678428004036,ingredient,Armenia
cow_foot,1,1,4.189654742026425,5.641678428004036,ingredient,Armenia
sodium_nitrite,1,1,4.189654742026425,5.641678428004036,ingredient,Armenia
dried_apricot,1,1,4.189654742026425,5.641678428004036,ingredient,Armenia
mint + turmeric,3,8,3.4546796365513166,5.849281086364718,pair,Armenia
garlic + sumac,3,8,3.4546796365513166,5.849281086364718,pair,Armenia
ground_lamb + onion,3,8,3.4546796365513166,5.849281086364718,pair,Armenia
ground_lamb + lamb,3,9,3.3487338121264143,5.669899212447596,pair,Armenia
coriander + parsley,3,10,3.252837980768015,5.50753345595567,pair,Armenia
desiccated_coconut,5,2,4.73444252169223,8.975933631571232,ingredient,Australia
marshmallow,3,1,4.670489652108734,7.907826386302303,ingredient,Australia
biscuit,3,1,4.670489652108734,7.907826386302303,ingredient,Australia
emulsifier,2,0,5.04576841031722,7.817440000991145,ingredient,Australia
milk_solid,2,0,5.04576841031722,7.817440000991145,ingredient,Australia
butter + icing_sugar,4,6,3.669687239556329,6.622754124615127,pair,Australia
icing_sugar + milk,4,6,3.669687239556329,6.622754124615127,pair,Australia
sugar + sweetened_condensed_milk,4,7,3.5355684754024375,6.380707448562195,pair,Australia
icing_sugar + sugar,4,8,3.4171977230085964,6.167081507855355,pair,Australia
dried_fruit + fruit,4,11,3.1277504250322465,5.644710482371631,pair,Australia
raspberry_jam,2,2,4.506221817045099,6.981517148880141,ingredient,Austria
jam,5,22,3.322648123454986,6.299341242511635,ingredient,Austria
nougat,1,1,4.4555094114336855,5.999671304680466,ingredient,Austria
dough,1,1,4.4555094114336855,5.999671304680466,ingredient,Austria
plum,1,1,4.4555094114336855,5.999671304680466,ingredient,Austria
jam + vanilla,5,13,3.8243620668697207,7.250530540404919,pair,Austria
nutmeg + onion,6,23,3.498189647649465,6.901771016990128,pair,Austria
egg + jam,5,16,3.6284501257264985,6.879105061422589,pair,Austria
flour + jam,5,16,3.6284501257264985,6.879105061422589,pair,Austria
jam + sugar,5,18,3.5160521575394506,6.666012031324972,pair,Austria
hazelnut,3,5,3.780687003367059,6.401259540330565,ingredient,Azerbaijan
dried_mint,1,1,4.114380588982521,5.5403162414844225,ingredient,Azerbaijan
nigella_seed,1,1,4.114380588982521,5.5403162414844225,ingredient,Azerbaijan
grape_juice,1,1,4.114380588982521,5.5403162414844225,ingredient,Azerbaijan
chervil,1,1,4.114380588982521,5.5403162414844225,ingredient,Azerbaijan
water + yogurt,5,7,3.9773424715487886,7.540562989429017,pair,Azerbaijan
flour + yogurt,4,6,3.888315621626177,7.017316910103645,pair,Azerbaijan
mint + yogurt,4,6,3.888315621626177,7.017316910103645,pair,Azerbaijan
herb + onion,6,21,3.1542213549798475,6.223137028490991,pair,Azerbaijan
herb + oil,4,11,3.3463891451671604,6.039291925162145,pair,Azerbaijan
basil_seed,1,1,5.154446996128335,6.940842197484352,ingredient,Bahrain
cow_foot,1,1,5.154446996128335,6.940842197484352,ingredient,Bahrain
tahini,1,2,4.748404354073999,6.39407589916648,ingredient,Bahrain
fresh_parsley,1,3,4.460144413937834,6.005912676643434,ingredient,Bahrain
dried_lime,1,4,4.23642266081509,5.704654872317211,ingredient,Bahrain
lemon_juice + paprika,3,17,3.8642323415917974,6.542714094194707,pair,Bahrain
sumac + tomato,2,8,4.157145463461131,6.440691009430772,pair,Bahrain
chicken + yogurt,2,9,4.051205069561483,6.276556906228878,pair,Bahrain
oil + sumac,2,9,4.051205069561483,6.276556906228878,pair,Bahrain
garlic + sumac,2,9,4.051205069561483,6.276556906228878,pair,Bahrain
coriander_powder,9,8,4.9123046843666875,10.567804453600466,ingredient,Bangladesh
garam_masala,10,13,4.63696696007009,10.196447536907241,ingredient,Bangladesh
cumin_powder,4,3,4.72762067469197,8.532026649420239,ingredient,Bangladesh
black_salt,2,0,5.504750647156226,8.528544000666006,ingredient,Bangladesh
ghee,9,27,3.766171128415583,8.102135877392726,ingredient,Bangladesh
coriander_powder + garam_masala,9,3,5.7261495048030975,12.318622749810523,pair,Bangladesh
coriander_powder + onion,9,5,5.319519574198639,11.44384281091855,pair,Bangladesh
coriander_powder + green_chili,8,5,5.145166187053862,10.797708987390878,pair,Bangladesh
coriander + garam_masala,10,10,4.879883916430657,10.730609203937593,pair,Bangladesh
coriander_powder + turmeric,9,8,4.9123046843666875,10.567804453600466,pair,Bangladesh
fruit_filling,1,1,4.619768985409244,6.220858908946592,ingredient,Belarus
herring,1,1,4.619768985409244,6.220858908946592,ingredient,Belarus
glaze,1,1,4.619768985409244,6.220858908946592,ingredient,Belarus
sodium_nitrite,1,1,4.619768985409244,6.220858908946592,ingredient,Belarus
duck_blood,1,1,4.619768985409244,6.220858908946592,ingredient,Belarus
butter + sour_cream,3,14,3.415611515617158,5.783133007555273,pair,Belarus
egg + sour_cream,3,15,3.350488711670093,5.672870515662142,pair,Belarus
flour + sour_cream,3,16,3.28927946545817,5.5692342530142245,pair,Belarus
cream + fruit,3,17,3.231536085237107,5.471466211596931,pair,Belarus
lemon_zest + yeast,2,9,3.4717723343317584,5.378838209309177,pair,Belarus
tarragon,1,1,4.680973149403592,6.303274819796546,ingredient,Belgium
fish_ball,1,1,4.680973149403592,6.303274819796546,ingredient,Belgium
nougat,1,1,4.680973149403592,6.303274819796546,ingredient,Belgium
chervil,1,1,4.680973149403592,6.303274819796546,ingredient,Belgium
pearl_sugar,1,2,4.2749284991175145,5.756505817246847,ingredient,Belgium
butter + thyme,3,7,4.117875059632294,6.972168547114537,pair,Belgium
bay_leaf + butter,3,16,3.358856961340609,5.687039193997998,pair,Belgium
food_coloring + water,2,8,3.6428355156125294,5.643867447136806,pair,Belgium
lemon + thyme,2,9,3.536893097116055,5.479730207214608,pair,Belgium
butter + vinegar,2,9,3.536893097116055,5.479730207214608,pair,Belgium
yerba_mate,2,0,5.988961416889864,9.278734721367053,ingredient,Bolivia
french_fry,3,7,4.273187854639731,7.2351359680862615,ingredient,Bolivia
hot_dog,2,3,4.600930441730056,7.128249803025972,ingredient,Bolivia
fried_egg,2,6,4.039575018679189,6.258538396938022,ingredient,Bolivia
hot_water,1,2,4.409618640423256,5.937876004400236,ingredient,Bolivia
beef + pea,4,11,4.17555209239193,7.535698013811484,pair,Bolivia
chili + pea,3,11,3.865397164088091,6.544686310120159,pair,Bolivia
egg + pea,4,21,3.563578560625929,6.431257780330284,pair,Bolivia
corn + pea,3,12,3.784772214767829,6.40817640449577,pair,Bolivia
cumin + vinegar,3,13,3.7100816617645394,6.281714305263787,pair,Bolivia
cow_foot,1,1,4.890349128221754,6.585214983312102,ingredient,Bosnia and Herzegovina
white_cheese,1,1,4.890349128221754,6.585214983312102,ingredient,Bosnia and Herzegovina
basil_seed,1,1,4.890349128221754,6.585214983312102,ingredient,Bosnia and Herzegovina
ground_lamb,2,10,3.6658899358892376,5.67958580212557,ingredient,Bosnia and Herzegovina
sunflower_oil,1,4,3.9723217823076813,5.349023604149394,ingredient,Bosnia and Herzegovina
bay_leaf + paprika,4,32,3.247551624844867,5.860917978651014,pair,Bosnia and Herzegovina
ground_lamb + onion,2,9,3.761781342097603,5.8281509469530235,pair,Bosnia and Herzegovina
lamb + paprika,3,19,3.4375000886597227,5.820193583288772,pair,Bosnia and Herzegovina
beef + lamb,4,35,3.1587719007984956,5.7006955277368085,pair,Bosnia and Herzegovina
ground_lamb + lamb,2,10,3.6658899358892376,5.67958580212557,pair,Bosnia and Herzegovina
yerba_mate,2,0,5.109458358075157,7.916115228384832,ingredient,Brazil
cassava_flour,2,1,4.415726553119724,6.841312280447425,ingredient,Brazil
roast_beef,1,1,3.978512746696979,5.357360193294387,ingredient,Brazil
chicken_blood,1,1,3.978512746696979,5.357360193294387,ingredient,Brazil
chocolate_icing,1,1,3.978512746696979,5.357360193294387,ingredient,Brazil
cassava + onion,3,7,3.3463891451671604,5.665929346196183,pair,Brazil
coconut_milk + lime_juice,3,9,3.122071195597009,5.286126042332493,pair,Brazil
parsley + rice,4,17,2.786618199763461,5.029062688852549,pair,Brazil
coconut + lime_juice,3,11,2.9385738597140425,4.9754380454419875,pair,Brazil
lime_juice + milk,3,12,2.8579427436681306,4.83891769864345,pair,Brazil
pandan_leaf,4,17,3.9684266763594414,7.161894849183309,ingredient,Brunei
coconut_milk,8,103,3.338503312323232,7.006224077000724,ingredient,Brunei
coconut,9,162,3.1807342838004256,6.842689957127402,ingredient,Brunei
rose_syrup,1,1,4.970970037703824,6.69377697084501,ingredient,Brunei
lemon_gras,5,44,3.336362520323868,6.325342089607802,ingredient,Brunei
pandan_leaf + rice,4,12,4.296761983019193,7.754447801107501,pair,Brunei
coconut_milk + pandan_leaf,4,12,4.296761983019193,7.754447801107501,pair,Brunei
milk + pandan_leaf,4,12,4.296761983019193,7.754447801107501,pair,Brunei
coconut + pandan_leaf,4,15,4.087375892906008,7.376564755112064,pair,Brunei
coconut_milk + milk,8,103,3.338503312323232,7.006224077000724,pair,Brunei
sunflower_oil,2,3,4.456670177669648,6.904746489533929,ingredient,Bulgaria
dried_mint,1,1,4.680973149403592,6.303274819796546,ingredient,Bulgaria
caraway,1,1,4.680973149403592,6.303274819796546,ingredient,Bulgaria
yellow_cheese,1,1,4.680973149403592,6.303274819796546,ingredient,Bulgaria
cow_foot,1,1,4.680973149403592,6.303274819796546,ingredient,Bulgaria
beef + paprika,5,37,3.101750467630788,5.880545853410794,pair,Bulgaria
bay_leaf + pea,2,8,3.6428355156125294,5.643867447136806,pair,Bulgaria
olive + zucchini,2,8,3.6428355156125294,5.643867447136806,pair,Bulgaria
olive_oil + zucchini,2,8,3.6428355156125294,5.643867447136806,pair,Bulgaria
bay_leaf + mushroom,2,8,3.6428355156125294,5.643867447136806,pair,Bulgaria
pate,1,1,5.154446996128335,6.940842197484352,ingredient,Cambodia
water_spinach,1,1,5.154446996128335,6.940842197484352,ingredient,Cambodia
pandan_leaf,3,18,3.8095821998736543,6.450183360827432,ingredient,Cambodia
green_papaya,1,2,4.748404354073999,6.39407589916648,ingredient,Cambodia
pickled_daikon,1,2,4.748404354073999,6.39407589916648,ingredient,Cambodia
lemon_gras + pork,3,9,4.456670177669648,7.545798546006955,pair,Cambodia
coconut + pork,3,9,4.456670177669648,7.545798546006955,pair,Cambodia
bean + coconut,4,26,3.8101836201688988,6.876310605986517,pair,Cambodia
fish_sauce + sugar,4,32,3.6059917943081685,6.5078017471510865,pair,Cambodia
lemon + pork,3,18,3.8095821998736543,6.450183360827432,pair,Cambodia
maple_syrup,5,1,4.6815400358566315,8.875636880764816,ingredient,Canada
cheese_curd,3,0,4.928140603175432,8.344067367669473,ingredient,Canada
sushi_rice,3,0,4.928140603175432,8.344067367669473,ingredient,Canada
vodka,2,2,3.520460802488973,5.454271552183363,ingredient,Canada
wasabi,2,3,3.232186838927873,5.0076469291866195,ingredient,Canada
syrup + vanilla,4,6,3.222440891032697,5.815600161335671,pair,Canada
brown_sugar + vanilla_extract,4,7,3.0883162026328357,5.573542793683735,pair,Canada
brown_sugar + vanilla,4,9,2.86398500272297,5.168688024735484,pair,Canada
garlic_powder + onion,4,11,2.680474385146825,4.837502934528717,pair,Canada
sugar + syrup,6,22,2.4023534420478696,4.739735414297328,pair,Canada
pumpkin,4,15,3.71731738943447,6.708713158987667,ingredient,Chile
shellfish,1,2,4.2749284991175145,5.756505817246847,ingredient,Chile
peanut_butter,1,3,3.9866665484239117,5.3683398873602535,ingredient,Chile
hot_dog,1,4,3.7629427824139934,5.067079372533321,ingredient,Chile
fish_stock,1,4,3.7629427824139934,5.067079372533321,ingredient,Chile
potato + pumpkin,4,10,4.0949271430716685,7.390192639429169,pair,Chile
garlic + pumpkin,3,7,4.117875059632294,6.972168547114537,pair,Chile
onion + pumpkin,3,7,4.117875059632294,6.972168547114537,pair,Chile
carrot + cumin,3,10,3.797675619603737,6.430023768013311,pair,Chile
cilantro + lemon_juice,3,13,3.5547648010470985,6.01874000044663,pair,Chile
sichuan_peppercorn,7,0,5.295327827699671,10.800990158565641,ingredient,China
rock_sugar,6,0,5.146981349290007,10.154762971580924,ingredient,China
dark_soy_sauce,7,1,4.60158166539076,9.385941701613675,ingredient,China
shaoxing_wine,6,1,4.453235186981097,8.786032960219472,ingredient,China
wheat_starch,4,0,4.7815215757955425,8.629302627399037,ingredient,China
ginger + wine,17,8,4.065872888140789,9.941814971679714,pair,China
scallion + wine,11,3,4.374258445027371,9.809070393997285,pair,China
soy_sauce + wine,18,10,3.9357648969835095,9.730074684740126,pair,China
scallion + soy_sauce,19,16,3.5661376198489405,8.907734399707183,pair,China
ginger + scallion,16,14,3.4768804673527915,8.402252535248962,pair,China
achiote,4,8,3.8618986182455775,6.969641643336227,ingredient,Colombia
yuca,2,4,3.8458832029236008,5.958450476680669,ingredient,Colombia
pork_sausage,1,1,4.314003789453699,5.809123571246075,ingredient,Colombia
yucca,1,1,4.314003789453699,5.809123571246075,ingredient,Colombia
ripe_plantain,1,1,4.314003789453699,5.809123571246075,ingredient,Colombia
achiote + garlic,4,8,3.8618986182455775,6.969641643336227,pair,Colombia
achiote + onion,4,8,3.8618986182455775,6.969641643336227,pair,Colombia
corn + cumin,3,8,3.5899649027619356,6.07833895342053,pair,Colombia
corn + lime,4,14,3.347562165829524,6.041408897787546,pair,Colombia
cumin + lime,4,14,3.347562165829524,6.041408897787546,pair,Colombia
cottage_cheese,2,3,4.217958518189278,6.534909048776813,ingredient,Croatia
sour_cream,6,36,3.0576491178548473,6.032604343196734,ingredient,Croatia
white_cheese,1,1,4.4555094114336855,5.999671304680466,ingredient,Croatia
plum,1,1,4.4555094114336855,5.999671304680466,ingredient,Croatia
dried_mint,1,1,4.4555094114336855,5.999671304680466,ingredient,Croatia
egg + sour_cream,5,13,3.8243620668697207,7.250530540404919,pair,Croatia
butter + sour_cream,4,13,3.581415888259331,6.46344914363854,pair,Croatia
bay_leaf + paprika,6,30,3.2381301256010926,6.388685263285554,pair,Croatia
paprika + rice,3,8,3.7458663854875467,6.342303109342513,pair,Croatia
tomato + zucchini,3,9,3.6399226093874053,6.162924703540685,pair,Croatia
mixed_dried_fruit,1,1,4.815662619748743,6.484644103452124,ingredient,Cuba
lime_zest,1,1,4.815662619748743,6.484644103452124,ingredient,Cuba
yucca,1,1,4.815662619748743,6.484644103452124,ingredient,Cuba
green_bell_pepper,3,16,3.514175865599794,5.950016958832097,ingredient,Cuba
prune,1,2,4.409618640423256,5.937876004400236,ingredient,Cuba
ham + olive,3,13,3.7100816617645394,6.281714305263787,pair,Cuba
nutmeg + raisin,3,14,3.6405058698297204,6.163912249314123,pair,Cuba
ham + tomato,3,15,3.5753840882498342,6.0536514884390975,pair,Cuba
brown_sugar + cinnamon,2,8,3.787099150081893,5.867375982424154,pair,Cuba
ham + olive_oil,2,9,3.681157408020026,5.70323979050625,pair,Cuba
sausage_casing,1,1,4.746090877044469,6.390960632096795,ingredient,Cyprus
dried_mint,1,1,4.746090877044469,6.390960632096795,ingredient,Cyprus
bulgur_wheat,1,1,4.746090877044469,6.390960632096795,ingredient,Cyprus
fresh_basil,1,1,4.746090877044469,6.390960632096795,ingredient,Cyprus
mastic,1,2,4.340046562432999,5.844192081557657,ingredient,Cyprus
lemon_juice + paprika,5,15,4.067276972514023,7.711067987251631,pair,Cyprus
lemon + paprika,5,21,3.745314465865809,7.100665795591748,pair,Cyprus
beef + lemon_juice,3,11,3.784772214767829,6.40817640449577,pair,Cyprus
cinnamon + olive,3,12,3.7041469262447246,6.271665924551043,pair,Cyprus
cinnamon + olive_oil,3,12,3.7041469262447246,6.271665924551043,pair,Cyprus
icing_sugar,3,9,3.697664283669669,6.260689856552511,ingredient,Denmark
ground_allspice,1,1,4.507383257361489,6.069523255633099,ingredient,Denmark
herring,1,1,4.507383257361489,6.069523255633099,ingredient,Denmark
beetroot_slice,1,1,4.507383257361489,6.069523255633099,ingredient,Denmark
leftover_meat,1,1,4.507383257361489,6.069523255633099,ingredient,Denmark
icing_sugar + sugar,3,9,3.697664283669669,6.260689856552511,pair,Denmark
butter + icing_sugar,2,8,3.4587672334836332,5.358689326657493,pair,Denmark
allspice + clove,2,11,3.1693353793080643,4.910270776617286,pair,Denmark
egg_white + sugar,2,13,3.0140164750488796,4.669634243917298,pair,Denmark
almond + sugar,5,57,2.4420471403302195,4.629827684324201,pair,Denmark
green_plantain,2,2,5.25922997783999,8.14815731913335,ingredient,Dominican Republic
lime_zest,1,1,5.154446996128335,6.940842197484352,ingredient,Dominican Republic
yucca,1,1,5.154446996128335,6.940842197484352,ingredient,Dominican Republic
mixed_dried_fruit,1,1,5.154446996128335,6.940842197484352,ingredient,Dominican Republic
pork_crackling,1,1,5.154446996128335,6.940842197484352,ingredient,Dominican Republic
garlic + plantain,3,14,4.048300623720694,6.854368787111762,pair,Dominican Republic
nutmeg + raisin,3,14,4.048300623720694,6.854368787111762,pair,Dominican Republic
brown_sugar + cinnamon,2,8,4.157145463461131,6.440691009430772,pair,Dominican Republic
coconut_milk + scallion,2,8,4.157145463461131,6.440691009430772,pair,Dominican Republic
lime_juice + vegetable,2,8,4.157145463461131,6.440691009430772,pair,Dominican Republic
achiote,6,6,5.2545976591917105,10.367085116303432,ingredient,Ecuador
ripe_banana,2,0,5.988961416889864,9.278734721367053,ingredient,Ecuador
squash,2,0,5.988961416889864,9.278734721367053,ingredient,Ecuador
plantain,5,22,3.7961728830993002,7.197087238159269,ingredient,Ecuador
chicharron,2,3,4.600930441730056,7.128249803025972,ingredient,Ecuador
achiote + onion,6,6,5.2545976591917105,10.367085116303432,pair,Ecuador
achiote + garlic,6,6,5.2545976591917105,10.367085116303432,pair,Ecuador
butter + cilantro,4,7,4.5833427829435704,8.271645603218872,pair,Ecuador
garlic + plantain,4,13,4.020236590068379,7.255397182573798,pair,Ecuador
peanut + potato,3,7,4.273187854639731,7.2351359680862615,pair,Ecuador
lemon_juice,14,131,2.8935233520585095,6.811426599776504,ingredient,Egypt
basil_seed,1,1,4.314003789453699,5.809123571246075,ingredient,Egypt
fava_bean,2,5,3.662978725681779,5.6750754462637065,ingredient,Egypt
cumin,11,125,2.4583044005939305,5.512632876713411,ingredient,Egypt
cayenne_pepper,3,13,3.14520731657565,5.325298900336573,ingredient,Egypt
cumin + lemon_juice,9,25,3.771876373684904,8.114409529016553,pair,Egypt
cumin + olive_oil,8,20,3.818496947417323,8.01354461809166,pair,Egypt
cumin + lemon,9,32,3.5293270055812576,7.592614881257616,pair,Egypt
cumin + olive,8,25,3.6019773368895067,7.559153902700352,pair,Egypt
lemon_juice + oil,12,68,3.2556781571572,7.43100295580816,pair,Egypt
lingonberry_jam,2,1,4.9122678139294,7.610606706735235,ingredient,Finland
salmon,2,1,4.9122678139294,7.610606706735235,ingredient,Finland
rye_flour,2,2,4.506221817045099,6.981517148880141,ingredient,Finland
allspice,7,33,3.346507495365535,6.825940848068553,ingredient,Finland
cream_of_mushroom_soup,1,1,4.4555094114336855,5.999671304680466,ingredient,Finland
allspice + onion,7,18,3.937265622615754,8.030922470763317,pair,Finland
allspice + bay_leaf,4,10,3.8243307939036337,6.901842278602489,pair,Finland
allspice + potato,3,7,3.8642323415917974,6.542714094194707,pair,Finland
allspice + butter,3,9,3.6399226093874053,6.162924703540685,pair,Finland
bay_leaf + dill,2,8,3.40411709176549,5.274019526304848,pair,Finland
bouquet_garni,3,0,4.6521730395834275,7.8768136654476715,ingredient,France
almond_extract,5,3,3.7013019741124933,7.01722340440677,ingredient,France
almond_flour,2,0,4.3489867805956814,6.737911940804469,ingredient,France
creme_fraiche,2,0,4.3489867805956814,6.737911940804469,ingredient,France
choux_pastry,2,0,4.3489867805956814,6.737911940804469,ingredient,France
thyme + wine,9,5,3.8721584068642185,8.33014551954278,pair,France
broth + thyme,6,6,3.3103036644220825,6.531080412949045,pair,France
bay_leaf + thyme,12,23,2.790514217464757,6.369278042001512,pair,France
parsley + thyme,9,14,2.9504703605383438,6.347324895286523,pair,France
tomato_paste + wine,5,6,3.139892463723044,5.95285849083983,pair,France
fresh_parsley,2,2,3.9459851613279606,6.113539055896416,ingredient,Georgia
fenugreek,4,9,3.311249144999216,5.975874100737585,ingredient,Georgia
coriander,13,98,2.337505409299327,5.42191080101268,ingredient,Georgia
dill,6,27,2.6741486494265287,5.275975147927349,ingredient,Georgia
cow_foot,1,1,3.9167178497323536,5.27414881702775,ingredient,Georgia
coriander + parsley,6,7,3.938732086522323,7.770941457309123,pair,Georgia
cilantro + parsley,8,13,3.69835819806848,7.76141996236296,pair,Georgia
coriander + vinegar,7,10,3.7871368803781933,7.7247017569212915,pair,Georgia
coriander + onion,12,52,2.871927245406828,6.55510121679809,pair,Georgia
dill + tomato,4,7,3.5355684754024375,6.380707448562195,pair,Georgia
bratwurst,2,0,4.449408038953196,6.893495213399524,ingredient,Germany
pork_rind,2,0,4.449408038953196,6.893495213399524,ingredient,Germany
sour_milk,2,0,4.449408038953196,6.893495213399524,ingredient,Germany
bread_roll,3,1,4.060443010546419,6.874927635131006,ingredient,Germany
quark,3,1,4.060443010546419,6.874927635131006,ingredient,Germany
marjoram + pork,6,8,3.16492083074579,6.244246613498193,pair,Germany
mustard + sausage,6,9,3.058963121878217,6.035196814102592,pair,Germany
marjoram + onion,5,7,3.1111315178550982,5.89833119642046,pair,Germany
nutmeg + onion,9,20,2.7231974158821233,5.858394303427166,pair,Germany
almond + yeast,4,6,3.0452382573674455,5.495799209268405,pair,Germany
black_eyed_pea,2,2,5.05740321288492,7.835465872097396,ingredient,Ghana
millet,3,10,4.136474791539014,7.003660630751569,ingredient,Ghana
leafy_green,1,1,4.970970037703824,6.69377697084501,ingredient,Ghana
leaf,1,1,4.970970037703824,6.69377697084501,ingredient,Ghana
corn_flour,2,7,4.073677925413541,6.3113742398812045,ingredient,Ghana
millet + water,3,7,4.456670177669648,7.545798546006955,pair,Ghana
peanut + tomato,2,8,3.9553146750614494,6.127993328847359,pair,Ghana
paprika + vegetable_oil,2,10,3.753482539282908,5.815293560761599,pair,Ghana
fish + palm_oil,2,10,3.753482539282908,5.815293560761599,pair,Ghana
corn + flour,3,28,3.156560118802059,5.344520865417673,pair,Ghana
feta_cheese,3,3,4.403811423174052,7.456300894864827,ingredient,Greece
orange_zest,5,18,3.3424408200284934,6.3368658148387125,ingredient,Greece
sheep_milk,2,4,3.8458832029236008,5.958450476680669,ingredient,Greece
blue_cheese,1,1,4.314003789453699,5.809123571246075,ingredient,Greece
cow_foot,1,1,4.314003789453699,5.809123571246075,ingredient,Greece
lemon_juice + oregano,4,6,4.114380588982521,7.425300642028228,pair,Greece
lemon_zest + walnut,4,7,3.9802655955243935,7.18326077102142,pair,Greece
lemon + oregano,4,7,3.9802655955243935,7.18326077102142,pair,Greece
cinnamon + olive_oil,4,11,3.5724626722077,6.447291104911055,pair,Greece
cinnamon + olive,4,11,3.5724626722077,6.447291104911055,pair,Greece
corn_masa,2,3,4.769142604113849,7.388861939758901,ingredient,Guatemala
jalapeno,3,11,4.048882188145344,6.855353461277671,ingredient,Guatemala
masa,1,1,4.970970037703824,6.69377697084501,ingredient,Guatemala
string_bean,1,1,4.970970037703824,6.69377697084501,ingredient,Guatemala
yucca,1,1,4.970970037703824,6.69377697084501,ingredient,Guatemala
cilantro + oregano,2,8,3.9553146750614494,6.127993328847359,pair,Guatemala
oregano + vinegar,3,18,3.5852717872835247,6.070392818180216,pair,Guatemala
olive_oil + oregano,3,19,3.5333945512735414,5.98255702229467,pair,Guatemala
jalapeno + onion,2,10,3.753482539282908,5.815293560761599,pair,Guatemala
achiote + garlic,2,10,3.753482539282908,5.815293560761599,pair,Guatemala
cottage_cheese,3,2,4.793322663092839,8.11580075252973,ingredient,Hungary
sour_cream,8,34,3.4341188613874496,7.2068840432546395,ingredient,Hungary
vanilla_sugar,3,5,4.098429773622871,6.939244815932499,ingredient,Hungary
plum,1,1,4.406138358488116,5.933189548659648,ingredient,Hungary
casing,1,1,4.406138358488116,5.933189548659648,ingredient,Hungary
cream + paprika,4,6,4.22090728553053,7.6175513906316015,pair,Hungary
garlic + sour_cream,5,12,3.837845417207008,7.276093351064083,pair,Hungary
cream + sour_cream,8,34,3.4341188613874496,7.2068840432546395,pair,Hungary
potato + sour_cream,4,8,3.9684266763594414,7.161894849183309,pair,Hungary
butter + sour_cream,4,13,3.523672508038268,6.3592385707575385,pair,Hungary
cumin_seed,20,5,4.740317918689734,11.95632005138638,ingredient,India
coriander_leaf,16,3,4.8601647031146555,11.745106448702385,ingredient,India
ghee,25,11,4.360325467159781,11.46350612175987,ingredient,India
coriander_powder,14,3,4.69928347755857,11.06223126077796,ingredient,India
turmeric_powder,18,6,4.4470177993097995,10.994004073977168,ingredient,India
coriander_leaf + turmeric,14,0,6.087372634254484,14.329827977442958,pair,India
green_chili + mustard_seed,13,0,6.000988020055663,13.919463729686292,pair,India
coriander + curry_leaf,12,0,5.909785614542641,13.48893602192093,pair,India
green_chili + turmeric_powder,15,1,5.475865644589334,13.067027309933662,pair,India
coriander_leaf + mustard,11,0,5.812935788552724,13.035237186435381,pair,India
tempeh,10,0,5.6759380750022315,12.481090614374299,ingredient,Indonesia
sweet_soy_sauce,10,1,4.982192271257693,10.955579918968393,ingredient,Indonesia
shallot,43,58,3.691305886475595,10.675606622086798,ingredient,Indonesia
candlenut,6,0,5.162395058259741,10.185173526910054,ingredient,Indonesia
galangal,19,10,4.024028063804641,10.05148343401791,ingredient,Indonesia
bay_leaf + shallot,12,0,5.875253021883619,13.41011625358579,pair,Indonesia
bay_leaf + galangal,10,0,5.6759380750022315,12.481090614374299,pair,Indonesia
bay_leaf + lemon_gras,10,0,5.6759380750022315,12.481090614374299,pair,Indonesia
galangal + turmeric,14,3,4.663598978995292,10.978229055459424,pair,Indonesia
garlic + sweet_soy_sauce,9,1,4.8711337344852295,10.479233695988283,pair,Indonesia
dried_lime,4,1,4.925381901737524,8.888930084674096,ingredient,Iran
pomegranate_paste,2,0,5.04576841031722,7.817440000991145,ingredient,Iran
saffron,11,38,3.064468701905802,6.871928029622266,ingredient,Iran
sumac,6,12,3.4502822268415287,6.807251827999578,ingredient,Iran
turmeric,16,100,2.6570219950408993,6.420977080941272,ingredient,Iran
lamb + saffron,7,3,4.802849398436366,9.796471677206661,pair,Iran
saffron + turmeric,8,12,3.77305561910458,7.918180888081135,pair,Iran
parsley + turmeric,6,7,3.938732086522323,7.770941457309123,pair,Iran
onion + saffron,10,23,3.431079756144025,7.544764720069997,pair,Iran
onion + turmeric,16,64,3.1198827581936106,7.539529489396136,pair,Iran
basil_seed,1,1,4.815662619748743,6.484644103452124,ingredient,Iraq
cow_foot,1,1,4.815662619748743,6.484644103452124,ingredient,Iraq
dried_mint,1,1,4.815662619748743,6.484644103452124,ingredient,Iraq
ground_cumin,1,2,4.409618640423256,5.937876004400236,ingredient,Iraq
tahini,1,2,4.409618640423256,5.937876004400236,ingredient,Iraq
lemon_juice + paprika,4,16,3.8243307939036337,6.901842278602489,pair,Iraq
beef + lemon_juice,3,11,3.865397164088091,6.544686310120159,pair,Iraq
lemon + paprika,4,22,3.5185411465010206,6.349977905320065,pair,Iraq
cumin + olive_oil,4,24,3.4339872044851463,6.197381803341139,pair,Iraq
cumin + parsley,4,24,3.4339872044851463,6.197381803341139,pair,Iraq
oatmeal,2,1,5.295235700010629,8.203941205723508,ingredient,Ireland
black_pudding,2,4,4.377207348237933,6.781634239649204,ingredient,Ireland
pig_foot,1,1,4.815662619748743,6.484644103452124,ingredient,Ireland
mixed_dried_fruit,1,1,4.815662619748743,6.484644103452124,ingredient,Ireland
hash_brown,1,2,4.409618640423256,5.937876004400236,ingredient,Ireland
bacon + bean,2,10,3.5852656637910516,5.55467412198139,pair,Ireland
bean + mushroom,2,10,3.5852656637910516,5.55467412198139,pair,Ireland
bacon + mushroom,2,14,3.272781089704403,5.070539851339335,pair,Ireland
bean + sausage,2,17,3.0887087300120957,4.785355413465975,pair,Ireland
bacon + sausage,2,20,2.932804176598741,4.543811530933008,pair,Ireland
tahini,2,1,5.375856944003455,8.328848194405447,ingredient,Israel
hummu,1,1,4.890349128221754,6.585214983312102,ingredient,Israel
yellow_cheese,1,1,4.890349128221754,6.585214983312102,ingredient,Israel
cow_foot,1,1,4.890349128221754,6.585214983312102,ingredient,Israel
garlic_sauce,1,1,4.890349128221754,6.585214983312102,ingredient,Israel
cumin + paprika,4,24,3.5298837226234783,6.370448067460599,pair,Israel
cumin + parsley,4,24,3.5298837226234783,6.370448067460599,pair,Israel
cumin + olive_oil,4,24,3.5298837226234783,6.370448067460599,pair,Israel
cumin + olive,4,29,3.3446270301737613,6.036111802830523,pair,Israel
lemon_juice + paprika,3,17,3.5440288287494752,6.00056241922034,pair,Israel
pecorino_cheese,6,0,5.162395058259741,10.185173526910054,ingredient,Italy
parmesan_cheese,19,11,3.936414458552305,9.832636376337154,ingredient,Italy
pancetta,5,1,4.2996834889028035,8.151682791865364,ingredient,Italy
cannellini_bean,3,0,4.558976647665926,7.719018457234194,ingredient,Italy
artichoke,3,0,4.558976647665926,7.719018457234194,ingredient,Italy
celery + cheese,10,2,4.576128181400564,10.062666248350473,pair,Italy
cheese + parmesan_cheese,19,11,3.936414458552305,9.832636376337154,pair,Italy
celery + olive_oil,11,4,4.167115235059602,9.344561414075846,pair,Italy
celery + olive,11,4,4.167115235059602,9.344561414075846,pair,Italy
cheese + pasta,8,2,4.344204942434308,9.116801876685377,pair,Italy
hot_pepper,4,13,4.474550003571027,8.075305211985702,ingredient,Jamaica
scotch_bonnet_pepper,2,4,4.74724828458108,7.354940935980769,ingredient,Jamaica
yucca,1,1,5.154446996128335,6.940842197484352,ingredient,Jamaica
mixed_dried_fruit,1,1,5.154446996128335,6.940842197484352,ingredient,Jamaica
green_banana,1,1,5.154446996128335,6.940842197484352,ingredient,Jamaica
coconut_milk + scallion,4,6,5.171758692470152,9.333570949281189,pair,Jamaica
coconut + scallion,4,6,5.171758692470152,9.333570949281189,pair,Jamaica
carrot + coconut,4,10,4.717454727108346,8.513679971108164,pair,Jamaica
milk + scallion,4,11,4.629862798578463,8.355601157278675,pair,Jamaica
coconut_milk + potato,4,13,4.474550003571027,8.075305211985702,pair,Jamaica
mirin,23,0,6.4817528475252235,16.781432579748344,ingredient,Japan
dashi,19,0,6.235917885008943,15.576488116685859,ingredient,Japan
sake,14,0,5.87412784040344,13.827844380155755,ingredient,Japan
miso,12,0,5.7028561197960705,13.01662468987933,ingredient,Japan
dashi_broth,7,0,5.150209001176741,10.504988273866907,ingredient,Japan
mirin + soy_sauce,22,0,6.422932712234647,16.492466896491578,pair,Japan
dashi + soy_sauce,17,0,6.1002520198557875,14.916250096975888,pair,Japan
mirin + sugar,16,0,6.028278520230698,14.567978092833235,pair,Japan
dashi + onion,16,0,6.028278520230698,14.567978092833235,pair,Japan
dashi + green_onion,15,0,5.953055098993111,14.205741814163273,pair,Japan
pine_nut,5,12,4.276666119016055,8.108044626752962,ingredient,Jordan
lemon_juice,10,135,3.066855227744312,6.743854054226841,ingredient,Jordan
bulgur_wheat,1,1,4.746090877044469,6.390960632096795,ingredient,Jordan
basil_seed,1,1,4.746090877044469,6.390960632096795,ingredient,Jordan
fresh_basil,1,1,4.746090877044469,6.390960632096795,ingredient,Jordan
onion + pine_nut,4,6,4.629862798578463,8.355601157278675,pair,Jordan
oil + pine_nut,4,7,4.495750517177804,8.11356618077339,pair,Jordan
nut + pine_nut,5,12,4.276666119016055,8.108044626752962,pair,Jordan
lemon_juice + oil,9,71,3.49277284234924,7.513976182353142,pair,Jordan
lemon_juice + olive_oil,7,43,3.5275481732118172,7.195213279038553,pair,Jordan
beet,1,2,4.748404354073999,6.39407589916648,ingredient,Kazakhstan
fresh_herb,1,2,4.748404354073999,6.39407589916648,ingredient,Kazakhstan
sunflower_oil,1,4,4.23642266081509,5.704654872317211,ingredient,Kazakhstan
glas_noodle,1,5,4.053522567701846,5.4583664372711675,ingredient,Kazakhstan
herb,3,50,2.803360380906535,4.746501725025354,ingredient,Kazakhstan
herb + oil,3,12,4.192564258190058,7.098628353070895,pair,Kazakhstan
herb + onion,3,24,3.5316406776874447,5.9795874561773115,pair,Kazakhstan
lamb + water,2,20,3.302866771932587,5.117151783671942,pair,Kazakhstan
lamb + paprika,2,20,3.302866771932587,5.117151783671942,pair,Kazakhstan
carrot + vinegar,2,23,3.1675825304806504,4.907555077158885,pair,Kazakhstan
basil_seed,1,1,5.154446996128335,6.940842197484352,ingredient,Kuwait
cow_foot,1,1,5.154446996128335,6.940842197484352,ingredient,Kuwait
tahini,1,2,4.748404354073999,6.39407589916648,ingredient,Kuwait
fresh_parsley,1,3,4.460144413937834,6.005912676643434,ingredient,Kuwait
dried_lime,1,4,4.23642266081509,5.704654872317211,ingredient,Kuwait
lemon_juice + paprika,3,17,3.8642323415917974,6.542714094194707,pair,Kuwait
sumac + tomato,2,8,4.157145463461131,6.440691009430772,pair,Kuwait
chicken + yogurt,2,9,4.051205069561483,6.276556906228878,pair,Kuwait
oil + sumac,2,9,4.051205069561483,6.276556906228878,pair,Kuwait
garlic + sumac,2,9,4.051205069561483,6.276556906228878,pair,Kuwait
beet,1,2,4.748404354073999,6.39407589916648,ingredient,Kyrgyzstan
fresh_herb,1,2,4.748404354073999,6.39407589916648,ingredient,Kyrgyzstan
sunflower_oil,1,4,4.23642266081509,5.704654872317211,ingredient,Kyrgyzstan
glas_noodle,1,5,4.053522567701846,5.4583664372711675,ingredient,Kyrgyzstan
herb,3,50,2.803360380906535,4.746501725025354,ingredient,Kyrgyzstan
herb + oil,3,12,4.192564258190058,7.098628353070895,pair,Kyrgyzstan
herb + onion,3,24,3.5316406776874447,5.9795874561773115,pair,Kyrgyzstan
lamb + water,2,20,3.302866771932587,5.117151783671942,pair,Kyrgyzstan
lamb + paprika,2,20,3.302866771932587,5.117151783671942,pair,Kyrgyzstan
carrot + vinegar,2,23,3.1675825304806504,4.907555077158885,pair,Kyrgyzstan
fish_ball,1,1,4.815662619748743,6.484644103452124,ingredient,Laos
curry_paste,1,1,4.815662619748743,6.484644103452124,ingredient,Laos
duck,1,1,4.815662619748743,6.484644103452124,ingredient,Laos
fish_sauce,7,70,3.151290413149129,6.427752510648985,ingredient,Laos
green_papaya,1,2,4.409618640423256,5.937876004400236,ingredient,Laos
fish_sauce + lime_juice,5,14,4.22829253473184,8.016334128617874,pair,Laos
fish_sauce + lime,7,35,3.8513289367558894,7.855635627637805,pair,Laos
green_onion + shallot,4,10,4.263145372220209,7.693779266354804,pair,Laos
fish + shallot,7,40,3.718319850103492,7.5843342308824635,pair,Laos
fish_sauce + shallot,6,30,3.7524934889058796,7.403501071068846,pair,Laos
herring,1,1,5.154446996128335,6.940842197484352,ingredient,Latvia
sodium_nitrite,1,1,5.154446996128335,6.940842197484352,ingredient,Latvia
sorrel,1,2,4.748404354073999,6.39407589916648,ingredient,Latvia
fresh_herb,1,2,4.748404354073999,6.39407589916648,ingredient,Latvia
beet,1,2,4.748404354073999,6.39407589916648,ingredient,Latvia
carrot + dill,2,8,4.157145463461131,6.440691009430772,pair,Latvia
dill + potato,2,12,3.7870991500818927,5.867375982424153,pair,Latvia
herb + oil,2,13,3.7124099515241302,5.751659548183225,pair,Latvia
cardamom + egg,2,17,3.4587672334836332,5.358689326657493,pair,Latvia
dill + parsley,2,19,3.3522405369356245,5.193646861160054,pair,Latvia
bulgur_wheat,2,0,5.7795854380717016,8.954347230908116,ingredient,Lebanon
lemon_juice,13,132,3.513272148309565,8.149135455274317,ingredient,Lebanon
pine_nut,5,12,4.108445853462706,7.789119234338977,ingredient,Lebanon
olive_oil,12,186,2.88161896678657,6.5772223254406645,ingredient,Lebanon
olive,12,204,2.777960447516705,6.340624379972471,ingredient,Lebanon
lemon_juice + oil,12,68,3.9524507193314626,9.021368685805273,pair,Lebanon
oil + pine_nut,5,6,4.730979532518703,8.969368220575955,pair,Lebanon
lemon_juice + olive_oil,10,40,4.034995802976027,8.872744483834769,pair,Lebanon
lemon_juice + olive,10,41,4.010304955621629,8.81845060340412,pair,Lebanon
lemon + lemon_juice,13,132,3.513272148309565,8.149135455274317,pair,Lebanon
harissa,2,1,5.220548856639584,8.088228420387832,ingredient,Libya
barley_flour,2,3,4.52624292739842,7.012535978166931,ingredient,Libya
olive,11,205,2.8760299214594807,6.449362859871442,ingredient,Libya
basil_seed,1,1,4.746090877044469,6.390960632096795,ingredient,Libya
olive_oil,10,188,2.703926483918348,5.945792750809411,ingredient,Libya
oil + olive,11,193,2.943896238311869,6.601549907745389,pair,Libya
lamb + olive,4,21,3.475981532082225,6.273169762409176,pair,Libya
lamb + olive_oil,4,21,3.475981532082225,6.273169762409176,pair,Libya
mint + olive,3,12,3.7041469262447246,6.271665924551043,pair,Libya
mint + olive_oil,3,12,3.7041469262447246,6.271665924551043,pair,Libya
sour_cream,6,36,3.1272345819517327,6.169893337700046,ingredient,Lithuania
herring,1,1,4.507383257361489,6.069523255633099,ingredient,Lithuania
duck_blood,1,1,4.507383257361489,6.069523255633099,ingredient,Lithuania
pasta_dough,1,1,4.507383257361489,6.069523255633099,ingredient,Lithuania
sodium_nitrite,1,1,4.507383257361489,6.069523255633099,ingredient,Lithuania
bacon + sour_cream,4,8,4.087375892906008,7.376564755112064,pair,Lithuania
egg + sour_cream,5,13,3.88948521240278,7.373996192275366,pair,Lithuania
dill + onion,5,18,3.581177017011029,6.789480932616724,pair,Lithuania
garlic + sour_cream,4,13,3.642625134471254,6.573914630572954,pair,Lithuania
bacon + cream,4,14,3.5730476385888146,6.448346804827802,pair,Lithuania
shallot,23,78,3.311497314748597,8.573555677410454,ingredient,Malaysia
belacan,2,0,4.875197323201151,7.55317316767648,ingredient,Malaysia
white_sesame_seed,2,0,4.875197323201151,7.55317316767648,ingredient,Malaysia
kecap_mani,3,2,4.089067505121257,6.923393117415346,ingredient,Malaysia
maltose,2,1,4.181462771111837,6.478365963587673,ingredient,Malaysia
chicken + shallot,11,18,3.5687911317458667,8.00284753923574,pair,Malaysia
garlic + shallot,20,73,3.092270200596638,7.799513205206624,pair,Malaysia
chili + shallot,16,47,3.1552968432253294,7.6251114035675585,pair,Malaysia
ginger + shallot,10,19,3.3971029895615055,7.470051589500879,pair,Malaysia
egg + shallot,11,25,3.2509706171315145,7.290149869519263,pair,Malaysia
smoked_paprika,2,1,5.375856944003455,8.328848194405447,ingredient,Mauritania
basil_seed,1,1,4.890349128221754,6.585214983312102,ingredient,Mauritania
peanut_oil,1,2,4.4843054837943,6.03844733522506,ingredient,Mauritania
bouillon_cube,1,2,4.4843054837943,6.03844733522506,ingredient,Mauritania
harissa,1,2,4.4843054837943,6.03844733522506,ingredient,Mauritania
paprika + vegetable_oil,2,10,3.6658899358892376,5.67958580212557,pair,Mauritania
paprika + vegetable,2,14,3.353406717825807,5.1954536323786185,pair,Mauritania
ginger + vegetable_oil,2,18,3.1146842164153563,4.825599394152612,pair,Mauritania
honey + water,2,21,2.9663268686373843,4.595748443683096,pair,Mauritania
oil + tomato_paste,2,22,2.9212897972994747,4.5259722323364615,pair,Mauritania
salsa,10,3,4.921857652296545,10.822907251210731,ingredient,Mexico
tortilla,11,6,4.477336814478207,10.040218826296964,ingredient,Mexico
epazote,4,0,5.358941988364472,9.671384191668853,ingredient,Mexico
queso_fresco,5,1,4.872845764210395,9.238329534266292,ingredient,Mexico
avocado,15,21,3.740204095972532,8.925227943656772,ingredient,Mexico
avocado + cilantro,10,2,5.210128826385392,11.45680046811542,pair,Mexico
avocado + lime,9,3,4.797559935618968,10.320954930869823,pair,Mexico
onion + tortilla,10,5,4.515213298768705,9.928717611165613,pair,Mexico
cilantro + tortilla,8,3,4.664028542994445,9.787987615026962,pair,Mexico
avocado + onion,13,12,4.071420442824478,9.44377642361515,pair,Mexico
beetroot,2,2,4.969813299576001,7.6997622812262,ingredient,Moldova
dried_mint,1,1,4.890349128221754,6.585214983312102,ingredient,Moldova
sodium_nitrite,1,1,4.890349128221754,6.585214983312102,ingredient,Moldova
glaze,1,1,4.890349128221754,6.585214983312102,ingredient,Moldova
herring,1,1,4.890349128221754,6.585214983312102,ingredient,Moldova
dill + oil,3,7,4.360779783169614,7.383441994916441,pair,Moldova
dill + potato,3,11,3.9529904439163692,6.692994624897407,pair,Moldova
parsley + pea,3,12,3.872365833404184,6.5564852929249575,pair,Moldova
carrot + dill,2,8,3.867722746531566,5.992286615781941,pair,Moldova
olive_oil + zucchini,2,8,3.867722746531566,5.992286615781941,pair,Moldova
harissa,2,1,5.150976778649328,7.98043997248344,ingredient,Morocco
basil_seed,1,1,4.680973149403592,6.303274819796546,ingredient,Morocco
warm_water,1,1,4.680973149403592,6.303274819796546,ingredient,Morocco
olive,11,205,2.693051550191995,6.03904240283898,ingredient,Morocco
smoked_paprika,1,2,4.2749284991175145,5.756505817246847,ingredient,Morocco
flour + semolina,3,9,3.893568041054787,6.592383751030222,pair,Morocco
oil + olive,11,193,2.7609230034238186,6.19124096880407,pair,Morocco
cinnamon + olive,3,12,3.629456033643135,6.145203250329157,pair,Morocco
cinnamon + olive_oil,3,12,3.629456033643135,6.145203250329157,pair,Morocco
coriander + paprika,3,12,3.629456033643135,6.145203250329157,pair,Morocco
crispy_noodle,2,0,5.504750647156226,8.528544000666006,ingredient,Myanmar
chickpea_flour,4,5,4.320990744087513,7.798173905493151,ingredient,Myanmar
spring_onion,4,6,4.166257143812387,7.51892324391292,ingredient,Myanmar
peanut_oil,2,1,4.81102224019224,7.453746317257626,ingredient,Myanmar
rice_noodle,5,14,3.635830233024121,6.893096857287428,ingredient,Myanmar
chickpea + rice,6,4,4.951592753462473,9.769270049938157,pair,Myanmar
fish_sauce + turmeric,6,6,4.613955015543824,9.10312596155952,pair,Myanmar
flour + noodle,5,6,4.402645921876617,8.346887181966972,pair,Myanmar
chickpea + flour,6,11,4.072038804707803,8.033949623421792,pair,Myanmar
fish_sauce + noodle,6,11,4.072038804707803,8.033949623421792,pair,Myanmar
mustard_oil,5,2,5.14574876790343,9.755720808483213,ingredient,Nepal
green_chili,10,36,3.5072603532427418,7.712281863999699,ingredient,Nepal
clarified_butter,2,1,4.718886994723215,7.311000615342739,ingredient,Nepal
ghee,8,28,3.4297907521921096,7.197801020110601,ingredient,Nepal
garam_masala,6,17,3.5506587211260277,7.005290141761476,ingredient,Nepal
green_chili + onion,9,23,3.787970356758167,8.149032394845515,pair,Nepal
cumin + mustard,7,14,3.922339972399078,8.000478311998071,pair,Nepal
cumin + green_chili,8,20,3.7572839172285124,7.88508220071081,pair,Nepal
green_chili + tomato,8,21,3.71017514679298,7.786219156170756,pair,Nepal
ginger + green_chili,9,28,3.595775889666371,7.735565870312965,pair,Nepal
almond_paste,2,4,3.892985799408062,6.031426818828132,ingredient,Netherlands
food_coloring,4,15,3.3343169390795033,6.0175049859923915,ingredient,Netherlands
white_vinegar,1,1,4.359037116449183,5.869764260060635,ingredient,Netherlands
ground_allspice,1,1,4.359037116449183,5.869764260060635,ingredient,Netherlands
rusk,1,1,4.359037116449183,5.869764260060635,ingredient,Netherlands
food_coloring + sugar,4,11,3.624340932976365,6.540916785535836,pair,Netherlands
coriander + nutmeg,3,7,3.757705645043789,6.362348718280082,pair,Netherlands
anise_seed + sugar,3,8,3.6393390085538004,6.161936581434694,pair,Netherlands
milk + powdered_sugar,3,13,3.1945831322991562,5.408899423516676,pair,Netherlands
butter + icing_sugar,2,8,3.302866771932587,5.117151783671942,pair,Netherlands
gelatine,2,0,5.554121700101795,8.605034876346817,ingredient,New Zealand
glucose_syrup,2,3,4.166083659377078,6.45453901128261,ingredient,New Zealand
icing_sugar,3,9,3.5852717872835242,6.070392818180215,ingredient,New Zealand
yeast_extract,1,1,4.406138358488116,5.933189548659648,ingredient,New Zealand
beef_mince,1,1,4.406138358488116,5.933189548659648,ingredient,New Zealand
cheese + herb,4,12,3.5983654465731045,6.494038332826913,pair,New Zealand
icing_sugar + milk,3,7,3.8095821998736543,6.450183360827432,pair,New Zealand
butter + icing_sugar,3,7,3.8095821998736543,6.450183360827432,pair,New Zealand
lemon_juice + vanilla_extract,3,9,3.5852717872835242,6.070392818180215,pair,New Zealand
icing_sugar + sugar,3,9,3.5852717872835242,6.070392818180215,pair,New Zealand
seasoning_cube,6,0,6.759255270663693,13.335706986283743,ingredient,Nigeria
palm_oil,11,8,5.538208775163469,12.419174681822449,ingredient,Nigeria
crayfish,8,4,5.552959584921617,11.653509223393874,ingredient,Nigeria
utazi_leaf,3,0,6.005483468287313,10.168167402230026,ingredient,Nigeria
stock_cube,3,0,6.005483468287313,10.168167402230026,ingredient,Nigeria
oil + palm_oil,11,8,5.538208775163469,12.419174681822449,pair,Nigeria
onion + palm_oil,10,6,5.5983161332932125,12.310404029120535,pair,Nigeria
crayfish + oil,8,4,5.552959584921617,11.653509223393874,pair,Nigeria
crayfish + onion,8,4,5.552959584921617,11.653509223393874,pair,Nigeria
crayfish + palm_oil,7,3,5.578858619309948,11.379313803385807,pair,Nigeria
kimchi,12,4,5.0260107367128946,11.471742241576155,ingredient,North Korea
sesame_oil,24,54,3.7862536181391127,9.879993737262986,ingredient,North Korea
gochujang,7,5,4.198527914706912,8.563824594578897,ingredient,North Korea
green_onion,22,101,2.945090551106743,7.562247745298135,ingredient,North Korea
red_chili_pepper_flake,2,0,4.875197323201151,7.55317316767648,ingredient,North Korea
garlic + kimchi,12,2,5.538012831202815,12.640374057706516,pair,North Korea
kimchi + soy_sauce,11,2,5.4240685718535975,12.163220603406149,pair,North Korea
kimchi + sesame_oil,9,2,5.1772084939220715,11.13769004463563,pair,North Korea
kimchi + onion,10,3,5.015997237237642,11.029915269008555,pair,North Korea
green_onion + kimchi,9,3,4.888938359118736,10.517536652255522,pair,North Korea
sunflower_oil,2,3,4.681552355906898,7.253157830028126,ingredient,North Macedonia
cow_foot,1,1,4.890349128221754,6.585214983312102,ingredient,North Macedonia
glaze,1,1,4.890349128221754,6.585214983312102,ingredient,North Macedonia
yellow_cheese,1,1,4.890349128221754,6.585214983312102,ingredient,North Macedonia
smoked_bacon,1,2,4.4843054837943,6.03844733522506,ingredient,North Macedonia
paprika + pork,4,30,3.311249144999216,5.975874100737585,pair,North Macedonia
ground_lamb + onion,2,9,3.761781342097603,5.8281509469530235,pair,North Macedonia
ground_lamb + lamb,2,10,3.6658899358892376,5.67958580212557,pair,North Macedonia
onion + paprika,6,84,2.829920732122176,5.583306468951469,pair,North Macedonia
beef + paprika,4,38,3.076957713476577,5.55304391298945,pair,North Macedonia
salmon,2,1,5.220548856639584,8.088228420387832,ingredient,Norway
leftover_meat,1,1,4.746090877044469,6.390960632096795,ingredient,Norway
allspice_berry,1,1,4.746090877044469,6.390960632096795,ingredient,Norway
herring,1,1,4.746090877044469,6.390960632096795,ingredient,Norway
tapioca,1,1,4.746090877044469,6.390960632096795,ingredient,Norway
butter + heavy_cream,2,8,3.7124099515241302,5.751659548183225,pair,Norway
leek + parsley,2,9,3.6064678714416547,5.587522832567916,pair,Norway
icing_sugar + sugar,2,10,3.5105757887986813,5.438956639736168,pair,Norway
cream + heavy_cream,2,12,3.3423568816392217,5.1783340532808575,pair,Norway
leek + potato,2,13,3.2676659890376327,5.06261499444742,pair,Norway
basil_seed,1,1,5.154446996128335,6.940842197484352,ingredient,Oman
cow_foot,1,1,5.154446996128335,6.940842197484352,ingredient,Oman
tahini,1,2,4.748404354073999,6.39407589916648,ingredient,Oman
fresh_parsley,1,3,4.460144413937834,6.005912676643434,ingredient,Oman
dried_lime,1,4,4.23642266081509,5.704654872317211,ingredient,Oman
lemon_juice + paprika,3,17,3.8642323415917974,6.542714094194707,pair,Oman
sumac + tomato,2,8,4.157145463461131,6.440691009430772,pair,Oman
chicken + yogurt,2,9,4.051205069561483,6.276556906228878,pair,Oman
oil + sumac,2,9,4.051205069561483,6.276556906228878,pair,Oman
garlic + sumac,2,9,4.051205069561483,6.276556906228878,pair,Oman
garam_masala,13,10,5.199919090144479,12.061361384270526,ingredient,Pakistan
coriander_powder,8,9,4.505674789782663,9.45566448258,ingredient,Pakistan
cumin,18,118,3.5977890499963125,8.894524208809981,ingredient,Pakistan
green_chili,11,35,3.6912575765189035,8.277472825504983,ingredient,Pakistan
cumin_seed,8,17,3.913198784517158,8.212287057188819,ingredient,Pakistan
coriander + garam_masala,13,7,5.52012669484911,12.804092102072309,pair,Pakistan
chili + garam_masala,13,8,5.401759376383232,12.529535713914292,pair,Pakistan
cumin + garam_masala,13,9,5.295814236329918,12.28379292466357,pair,Pakistan
garam_masala + onion,12,10,5.04576841031722,11.516838631288655,pair,Pakistan
garam_masala + garlic,12,10,5.04576841031722,11.516838631288655,pair,Pakistan
pine_nut,6,11,4.51085950651685,8.89972315386374,ingredient,Palestine
flatbread,2,2,4.74493212836325,7.351352500921247,ingredient,Palestine
lemon_juice,11,134,3.1612467120315646,7.088948200205407,ingredient,Palestine
cow_foot,1,1,4.680973149403592,6.303274819796546,ingredient,Palestine
bulgur_wheat,1,1,4.680973149403592,6.303274819796546,ingredient,Palestine
onion + pine_nut,5,5,4.966335035199676,9.415573948538709,pair,Palestine
oil + pine_nut,5,6,4.811603466596281,9.12222150331849,pair,Palestine
nut + pine_nut,6,11,4.51085950651685,8.89972315386374,pair,Palestine
lemon_juice + nut,4,7,4.415126583100227,7.968062638618792,pair,Palestine
lemon_juice + oil,10,70,3.6020692641283047,7.920761694501088,pair,Palestine
aji_amarillo,7,0,6.155224086041877,12.554938417473767,ingredient,Peru
aji_panca,3,0,5.332865174001926,9.029325633667684,ingredient,Peru
aji_amarillo_paste,2,0,5.015330138400463,7.770281799287603,ingredient,Peru
chinese_noodle,2,0,5.015330138400463,7.770281799287603,ingredient,Peru
raw_fish,2,1,4.321597306286444,6.695477259967087,ingredient,Peru
corn + parsley,4,6,3.63735116971238,6.564396606398193,pair,Peru
oregano + potato,4,6,3.63735116971238,6.564396606398193,pair,Peru
corn + pea,5,10,3.3970833588158307,6.440461496773486,pair,Peru
corn + potato,8,25,3.0352567233303396,6.369827058843552,pair,Peru
cumin + vegetable,4,8,3.384860962342462,6.108722742898528,pair,Peru
ube,4,0,4.811706000902641,8.683777031572331,ingredient,Philippines
saba_banana,4,0,4.811706000902641,8.683777031572331,ingredient,Philippines
calamansi,3,0,4.573963650167278,7.7443936582644035,ingredient,Philippines
purple_food_coloring,3,0,4.573963650167278,7.7443936582644035,ingredient,Philippines
calamansi_juice,3,0,4.573963650167278,7.7443936582644035,ingredient,Philippines
bay_leaf + soy_sauce,7,4,3.7149969422687907,7.5775564267524365,pair,Philippines
fish_sauce + ginger,10,13,3.045673848328465,6.697277310024689,pair,Philippines
fish_sauce + onion,15,30,2.6992205399324583,6.441134753859812,pair,Philippines
cooking_oil + onion,7,9,3.018847657983081,6.157606271989532,pair,Philippines
banana + sugar,10,18,2.7372737841704753,6.019121717879121,pair,Philippines
beetroot,2,2,4.22829253473184,6.550919604101854,ingredient,Poland
sour_cream,7,35,2.927929170202628,5.9721579440103865,ingredient,Poland
marjoram,4,15,3.140914283398489,5.6684675471021455,ingredient,Poland
duck_blood,1,1,4.189654742026425,5.641678428004036,ingredient,Poland
herring,1,1,4.189654742026425,5.641678428004036,ingredient,Poland
butter + sour_cream,5,12,3.5770880481258196,6.781728739371788,pair,Poland
cream + raisin,4,8,3.720382802284322,6.714245367666426,pair,Poland
bay_leaf + cream,4,9,3.61443697785942,6.523042929994762,pair,Poland
flour + sour_cream,5,14,3.432813495430217,6.508201538695692,pair,Poland
cream + mushroom,4,11,3.4309437747685747,6.191889268039729,pair,Poland
salted_cod,2,4,3.9942334024504182,6.188290352320751,ingredient,Portugal
boiled_potato,1,1,4.4555094114336855,5.999671304680466,ingredient,Portugal
chicken_blood,1,1,4.4555094114336855,5.999671304680466,ingredient,Portugal
poached_egg,1,2,4.049463414549384,5.452900488837162,ingredient,Portugal
pork_cutlet,1,2,4.049463414549384,5.452900488837162,ingredient,Portugal
egg + olive_oil,7,36,3.2601733819663212,6.649843363736127,pair,Portugal
egg + olive,7,48,2.9721323582131176,6.0623201047327235,pair,Portugal
olive_oil + rice,3,13,3.3011139231051727,5.589271731612704,pair,Portugal
olive + rice,3,13,3.3011139231051727,5.589271731612704,pair,Portugal
garlic + olive_oil,10,136,2.4496197946982843,5.38658565762845,pair,Portugal
basil_seed,1,1,5.154446996128335,6.940842197484352,ingredient,Qatar
cow_foot,1,1,5.154446996128335,6.940842197484352,ingredient,Qatar
tahini,1,2,4.748404354073999,6.39407589916648,ingredient,Qatar
fresh_parsley,1,3,4.460144413937834,6.005912676643434,ingredient,Qatar
dried_lime,1,4,4.23642266081509,5.704654872317211,ingredient,Qatar
lemon_juice + paprika,3,17,3.8642323415917974,6.542714094194707,pair,Qatar
sumac + tomato,2,8,4.157145463461131,6.440691009430772,pair,Qatar
chicken + yogurt,2,9,4.051205069561483,6.276556906228878,pair,Qatar
oil + sumac,2,9,4.051205069561483,6.276556906228878,pair,Qatar
garlic + sumac,2,9,4.051205069561483,6.276556906228878,pair,Qatar
dill,6,27,3.1029331998798377,6.121947802623265,ingredient,Romania
glaze,1,1,4.270862272196255,5.751030343462594,ingredient,Romania
plum,1,1,4.270862272196255,5.751030343462594,ingredient,Romania
watermelon,1,1,4.270862272196255,5.751030343462594,ingredient,Romania
dried_mint,1,1,4.270862272196255,5.751030343462594,ingredient,Romania
potato + sour_cream,4,8,3.8125241712666513,6.880534642920625,pair,Romania
cream + dill,4,8,3.8125241712666513,6.880534642920625,pair,Romania
egg + sour_cream,5,13,3.5988765941104295,6.823037202150716,pair,Romania
dill + potato,4,10,3.6106838850278975,6.516269652217271,pair,Romania
dill + parsley,5,16,3.4029605322805363,6.451603910842032,pair,Romania
cooked_chicken,1,1,4.189654742026425,5.641678428004036,ingredient,Russia
glaze,1,1,4.189654742026425,5.641678428004036,ingredient,Russia
sodium_nitrite,1,1,4.189654742026425,5.641678428004036,ingredient,Russia
herring,1,1,4.189654742026425,5.641678428004036,ingredient,Russia
fruit_preserve,1,1,4.189654742026425,5.641678428004036,ingredient,Russia
carrot + dill,3,7,3.5730476385888146,6.049695535283022,pair,Russia
dill + potato,3,11,3.165240609035569,5.359218212982418,pair,Russia
dill + onion,4,19,2.915417789822252,5.261509750584635,pair,Russia
cream + nut,3,13,3.0099169085459474,5.096232327424278,pair,Russia
butter + sour_cream,3,14,2.9403370103324233,4.9784233189404015,pair,Russia
cow_foot,1,1,5.058559282377839,6.8117223345156095,ingredient,Saudi Arabia
basil_seed,1,1,5.058559282377839,6.8117223345156095,ingredient,Saudi Arabia
tahini,1,2,4.65251630658529,6.264955586794672,ingredient,Saudi Arabia
fresh_parsley,1,3,4.364256032324975,5.87679191434887,ingredient,Saudi Arabia
dried_lime,1,4,4.140533944691476,5.575533659579299,ingredient,Saudi Arabia
lemon_juice + paprika,3,17,3.7458663854875467,6.342303109342513,pair,Saudi Arabia
chickpea + cumin,2,8,4.051205069561483,6.276556906228878,pair,Saudi Arabia
sumac + tomato,2,8,4.051205069561483,6.276556906228878,pair,Saudi Arabia
garlic + sumac,2,9,3.945264339207948,6.112422281756908,pair,Saudi Arabia
oil + sumac,2,9,3.945264339207948,6.112422281756908,pair,Saudi Arabia
plum,1,1,4.4555094114336855,5.999671304680466,ingredient,Serbia
dried_mint,1,1,4.4555094114336855,5.999671304680466,ingredient,Serbia
yellow_cheese,1,1,4.4555094114336855,5.999671304680466,ingredient,Serbia
white_cheese,1,1,4.4555094114336855,5.999671304680466,ingredient,Serbia
glaze,1,1,4.4555094114336855,5.999671304680466,ingredient,Serbia
bay_leaf + paprika,6,30,3.2381301256010926,6.388685263285554,pair,Serbia
paprika + rice,3,8,3.7458663854875467,6.342303109342513,pair,Serbia
egg + sour_cream,4,14,3.5118380503912654,6.337880700705445,pair,Serbia
potato + sour_cream,3,9,3.6399226093874053,6.162924703540685,pair,Serbia
tomato + zucchini,3,9,3.6399226093874053,6.162924703540685,pair,Serbia
shallot,17,84,3.0696248863851046,7.505803425856469,ingredient,Singapore
kecap_mani,3,2,4.3301483739052165,7.331578510683849,ingredient,Singapore
fried_shallot,6,20,3.0386261942261417,5.995072969491127,ingredient,Singapore
prawn_fritter,1,1,3.978512746696979,5.357360193294387,ingredient,Singapore
pork_chop,1,1,3.978512746696979,5.357360193294387,ingredient,Singapore
fried_shallot + soy_sauce,6,6,4.145483523713288,8.178852754480923,pair,Singapore
garlic + shallot,17,76,3.173375697134053,7.759493443229213,pair,Singapore
shallot + soy_sauce,9,19,3.5624655292582776,7.663905540245905,pair,Singapore
chicken + shallot,9,20,3.5130841738212575,7.557671798358323,pair,Singapore
chili + shallot,13,50,3.126674532950237,7.2524112047020814,pair,Singapore
sour_cream,5,37,3.798441656625463,7.201388559909949,ingredient,Slovakia
plum,1,1,5.154446996128335,6.940842197484352,ingredient,Slovakia
sorrel,1,2,4.748404354073999,6.39407589916648,ingredient,Slovakia
fat,1,3,4.460144413937834,6.005912676643434,ingredient,Slovakia
quark,1,3,4.460144413937834,6.005912676643434,ingredient,Slovakia
potato + sour_cream,4,8,4.919285515508028,8.877927820881302,pair,Slovakia
flour + sour_cream,4,15,4.339855143683207,7.832218845041154,pair,Slovakia
cream + sour_cream,5,37,3.798441656625463,7.201388559909949,pair,Slovakia
cream + potato,4,26,3.8101836201688988,6.876310605986517,pair,Slovakia
butter + sour_cream,3,14,4.048300623720694,6.854368787111762,pair,Slovakia
white_cheese,1,1,4.680973149403592,6.303274819796546,ingredient,Slovenia
plum,1,1,4.680973149403592,6.303274819796546,ingredient,Slovenia
sour_cream,5,37,3.101750467630788,5.880545853410794,ingredient,Slovenia
sorrel,1,2,4.2749284991175145,5.756505817246847,ingredient,Slovenia
buckwheat_flour,1,3,3.9866665484239117,5.3683398873602535,ingredient,Slovenia
egg + sour_cream,4,14,3.7824398521944738,6.826240902006185,pair,Slovenia
potato + sour_cream,3,9,3.893568041054787,6.592383751030222,pair,Slovenia
butter + sour_cream,3,14,3.485188328726542,5.900936792503773,pair,Slovenia
cream + sour_cream,5,37,3.101750467630788,5.880545853410794,pair,Slovenia
flour + sour_cream,3,16,3.358856961340609,5.687039193997998,pair,Slovenia
maize_meal,2,1,5.150976778649328,7.98043997248344,ingredient,South Africa
vanilla_essence,1,1,4.680973149403592,6.303274819796546,ingredient,South Africa
whole_grain_wheat,1,1,4.680973149403592,6.303274819796546,ingredient,South Africa
barley_malt_extract,1,1,4.680973149403592,6.303274819796546,ingredient,South Africa
natural_casing,1,1,4.680973149403592,6.303274819796546,ingredient,South Africa
mutton + onion,2,8,3.6428355156125294,5.643867447136806,pair,South Africa
butter + water,6,80,2.560276451762144,5.051310417697786,pair,South Africa
coriander + vinegar,2,15,3.0633909220278057,4.746130377994845,pair,South Africa
bay_leaf + lamb,2,16,3.002182017401877,4.651299045969936,pair,South Africa
butter + corn,2,19,2.837908188360424,4.39678859328273,pair,South Africa
kimchi,14,2,5.351858133476067,12.598408380791248,ingredient,South Korea
gochujang,11,1,5.462451270342293,12.249292013250528,ingredient,South Korea
sesame_oil,30,48,3.7677833660389477,10.237043300163808,ingredient,South Korea
rice_cake,6,2,4.407396524635216,8.695595338734607,ingredient,South Korea
gochugaru,3,0,4.886952536312684,8.274329908388095,ingredient,South Korea
garlic + kimchi,13,1,5.664229999158806,13.138343847112145,pair,South Korea
kimchi + soy_sauce,12,1,5.5660244754260235,12.704309926355606,pair,South Korea
kimchi + onion,12,1,5.5660244754260235,12.704309926355606,pair,South Korea
kimchi + oil,11,1,5.462451270342293,12.249292013250528,pair,South Korea
green_onion + kimchi,11,1,5.462451270342293,12.249292013250528,pair,South Korea
chorizo,17,9,4.180921062057671,10.223129141940035,ingredient,Spain
morcilla,4,0,4.959044601936997,8.949681797841533,ingredient,Spain
olive_oil,37,161,2.618358900312842,7.380611948800038,ingredient,Spain
olive,37,179,2.5010856031387734,7.050042790273034,ingredient,Spain
turnip_green,2,0,4.414882557903414,6.840004673473008,ingredient,Spain
chorizo + olive_oil,11,0,5.960807064615189,13.366831621097974,pair,Spain
chorizo + paprika,13,1,5.460436216024472,12.665638325422467,pair,Spain
chorizo + olive,11,1,5.267064823043932,11.811147024867093,pair,Spain
chorizo + garlic,15,4,4.716711560720999,11.255462200377519,pair,Spain
chorizo + potato,12,4,4.44844757412632,10.153468947604637,pair,Spain
ghee,9,27,4.009102575254698,8.62475248828745,ingredient,Sri Lanka
cardamom_powder,3,5,4.210819553218469,7.12953725437854,ingredient,Sri Lanka
jaggery,4,10,3.8855390165536736,7.01230591829537,ingredient,Sri Lanka
cashew,4,10,3.8855390165536736,7.01230591829537,ingredient,Sri Lanka
rice_flour,6,34,3.18398856586776,6.281866398266834,ingredient,Sri Lanka
cardamom + rice,6,12,4.187321018680206,8.261396252481429,pair,Sri Lanka
ghee + water,6,13,4.112628763716989,8.114031789023837,pair,Sri Lanka
cardamom + coconut,5,10,4.1323990944852,7.834531698571848,pair,Sri Lanka
cardamom + ghee,6,17,3.8589737843383305,7.613581910279504,pair,Sri Lanka
ghee + rice_flour,4,7,4.205741509411959,7.590181426984671,pair,Sri Lanka
almond_paste,3,3,4.076367853129117,6.901890737450762,ingredient,Sweden
salmon,2,1,4.449101000338203,6.893019516586768,ingredient,Sweden
lingonberry_jam,2,1,4.449101000338203,6.893019516586768,ingredient,Sweden
heavy_cream,4,10,3.3188974385938455,5.989677121170526,ingredient,Sweden
hollandaise_sauce,1,1,4.010846069407047,5.400899391741764,ingredient,Sweden
butter + heavy_cream,4,6,3.7732299812552075,6.809619673337778,pair,Sweden
cream + heavy_cream,4,10,3.3188974385938455,5.989677121170526,pair,Sweden
allspice + butter,3,9,3.156560118802059,5.344520865417673,pair,Sweden
cream + potato,5,25,2.668533147748212,5.059217915961615,pair,Sweden
almond + cream,3,12,2.892432703716187,4.8973142772564415,pair,Sweden
kirsch,2,2,4.814504542028114,7.459141468888372,ingredient,Switzerland
dried_meat,1,1,4.746090877044469,6.390960632096795,ingredient,Switzerland
veal_cutlet,1,1,4.746090877044469,6.390960632096795,ingredient,Switzerland
fig,1,1,4.746090877044469,6.390960632096795,ingredient,Switzerland
dried_apple,1,1,4.746090877044469,6.390960632096795,ingredient,Switzerland
honey + lemon_zest,3,10,3.872365833404184,6.5564852929249575,pair,Switzerland
cheese + wine,3,13,3.6294560336431356,6.145203250329158,pair,Switzerland
honey + lemon,3,16,3.4335492163038253,5.813504174898632,pair,Switzerland
cheese + white_wine,2,8,3.7124099515241302,5.751659548183225,pair,Switzerland
lemon_zest + water,2,8,3.7124099515241302,5.751659548183225,pair,Switzerland
bulgur_wheat,2,0,5.844703165712579,9.0552345264472,ingredient,Syria
lemon_juice,12,133,3.4316735044266853,7.832707879525188,ingredient,Syria
pine_nut,4,13,3.8520163245150303,6.951806880509804,ingredient,Syria
basil_seed,1,1,4.680973149403592,6.303274819796546,ingredient,Syria
fresh_basil,1,1,4.680973149403592,6.303274819796546,ingredient,Syria
oil + pine_nut,4,7,4.415126583100227,7.968062638618792,pair,Syria
lemon_juice + oil,10,70,3.6020692641283047,7.920761694501088,pair,Syria
lemon + lemon_juice,12,133,3.4316735044266853,7.832707879525188,pair,Syria
lemon_juice + olive_oil,8,42,3.6683207270928997,7.698382956653096,pair,Syria
lemon_juice + olive,8,43,3.644737560884011,7.648891034241419,pair,Syria
rice_wine,4,13,3.320658519178143,5.992855376684434,ingredient,Taiwan
fried_shallot,5,21,3.0928118433805425,5.863599296839424,ingredient,Taiwan
hoisin_sauce,2,4,3.7577056450437887,5.821836444465104,ingredient,Taiwan
fermented_soybean,1,1,4.229458036029275,5.695276492514423,ingredient,Taiwan
dried_red_chili_pepper,1,1,4.229458036029275,5.695276492514423,ingredient,Taiwan
fried_shallot + pork,4,6,4.017902866722158,7.2511854678123076,pair,Taiwan
fried_shallot + soy_sauce,4,8,3.7654195312362706,6.795524006132017,pair,Taiwan
corn_starch + egg,5,14,3.479920537791683,6.5975108256664,pair,Taiwan
shallot + soy_sauce,6,22,3.250711475924021,6.413507702249586,pair,Taiwan
cilantro + soy_sauce,6,23,3.2075620649679273,6.328375852940882,pair,Taiwan
fish_sauce,23,54,3.396945932804797,8.794784449422377,ingredient,Thailand
cucumber_slice,2,0,4.728567064132016,7.325998006355375,ingredient,Thailand
green_curry_paste,2,0,4.728567064132016,7.325998006355375,ingredient,Thailand
chinese_broccoli,2,0,4.728567064132016,7.325998006355375,ingredient,Thailand
curry_paste,2,0,4.728567064132016,7.325998006355375,ingredient,Thailand
cilantro + fish_sauce,19,13,4.4533976285658,11.123991129997487,pair,Thailand
fish_sauce + lime,21,21,4.1660687430205465,10.60481641716336,pair,Thailand
fish_sauce + sugar,18,18,4.058657827091067,10.03389298168402,pair,Thailand
fish + lime,22,32,3.837691232009013,9.854220562252149,pair,Thailand
cilantro + fish,19,25,3.827207019001952,9.559850811200207,pair,Thailand
hot_pepper,6,11,4.712695024475295,9.297935563239772,ingredient,Trinidad and Tobago
mixed_dried_fruit,1,1,4.815662619748743,6.484644103452124,ingredient,Trinidad and Tobago
lime_zest,1,1,4.815662619748743,6.484644103452124,ingredient,Trinidad and Tobago
yucca,1,1,4.815662619748743,6.484644103452124,ingredient,Trinidad and Tobago
thyme,6,49,3.2632116386882526,6.438169961807699,ingredient,Trinidad and Tobago
coconut_milk + scallion,3,7,4.273187854639731,7.2351359680862615,pair,Trinidad and Tobago
allspice + potato,3,7,4.273187854639731,7.2351359680862615,pair,Trinidad and Tobago
coconut + scallion,3,7,4.273187854639731,7.2351359680862615,pair,Trinidad and Tobago
thyme + tomato,5,23,3.753027273937688,7.115288352112191,pair,Trinidad and Tobago
allspice + milk,3,8,4.15482393020721,7.03472842315333,pair,Trinidad and Tobago
harissa,2,1,4.81102224019224,7.453746317257626,ingredient,Tunisia
olive,16,200,2.9111215792011196,7.035035831382428,ingredient,Tunisia
semolina,5,14,3.635830233024121,6.893096857287428,ingredient,Tunisia
olive_oil,15,183,2.8164495730165493,6.720877734467916,ingredient,Tunisia
barley_flour,2,3,4.116711592368997,6.378046564508518,ingredient,Tunisia
flour + semolina,5,7,4.268531268809779,8.092621929102762,pair,Tunisia
oil + olive,16,188,2.9805380588130745,7.202788159161382,pair,Tunisia
cumin + olive_oil,6,22,3.4149977107418796,6.737637062908522,pair,Tunisia
olive + olive_oil,15,183,2.8164495730165493,6.720877734467916,pair,Tunisia
oil + olive_oil,15,183,2.8164495730165493,6.720877734467916,pair,Tunisia
ground_lamb,7,5,4.112202179622107,8.387744199668395,ingredient,Turkey
green_pepper,7,6,3.9574613551922977,8.07211612598202,ingredient,Turkey
sumac,8,10,3.648294173998858,7.6563549862302755,ingredient,Turkey
lamb,16,64,2.726631081148067,6.589194862861633,ingredient,Turkey
red_pepper_flake,9,22,3.037100702602634,6.533692104469918,ingredient,Turkey
ground_lamb + onion,7,4,4.295113532953359,8.760832286280591,pair,Turkey
ground_lamb + lamb,7,5,4.112202179622107,8.387744199668395,pair,Turkey
butter + lamb,6,4,4.134913893246676,8.157999348415938,pair,Turkey
lamb + sumac,7,6,3.9574613551922977,8.07211612598202,pair,Turkey
onion + sumac,8,9,3.744195894784644,7.857615515975744,pair,Turkey
fresh_herb,1,2,4.748404354073999,6.39407589916648,ingredient,Turkmenistan
beet,1,2,4.748404354073999,6.39407589916648,ingredient,Turkmenistan
ground_lamb,2,10,3.9553146750614494,6.127993328847359,ingredient,Turkmenistan
herb,4,49,3.180431952752913,5.739785834091592,ingredient,Turkmenistan
sunflower_oil,1,4,4.23642266081509,5.704654872317211,ingredient,Turkmenistan
herb + oil,3,12,4.192564258190058,7.098628353070895,pair,Turkmenistan
herb + onion,4,23,3.929722582527547,7.092044837361686,pair,Turkmenistan
butter + lamb,2,8,4.157145463461131,6.440691009430772,pair,Turkmenistan
flour + yogurt,2,8,4.157145463461131,6.440691009430772,pair,Turkmenistan
ground_lamb + onion,2,9,4.051205069561483,6.276556906228878,pair,Turkmenistan
sodium_nitrite,1,1,4.406138358488116,5.933189548659648,ingredient,Ukraine
fruit_filling,1,1,4.406138358488116,5.933189548659648,ingredient,Ukraine
glaze,1,1,4.406138358488116,5.933189548659648,ingredient,Ukraine
herring,1,1,4.406138358488116,5.933189548659648,ingredient,Ukraine
dill,5,28,3.0260981703973644,5.737118196208949,ingredient,Ukraine
egg + sour_cream,5,13,3.763152478672171,7.134484522577115,pair,Ukraine
dill + oil,3,7,3.8095821998736543,6.450183360827432,pair,Ukraine
butter + sour_cream,4,13,3.523672508038268,6.3592385707575385,pair,Ukraine
fruit + vanilla_extract,3,8,3.691215903774956,6.249771800314598,pair,Ukraine
flour + sour_cream,4,15,3.3889701550925952,6.116138680949444,pair,Ukraine
basil_seed,1,1,5.154446996128335,6.940842197484352,ingredient,United Arab Emirates
cow_foot,1,1,5.154446996128335,6.940842197484352,ingredient,United Arab Emirates
tahini,1,2,4.748404354073999,6.39407589916648,ingredient,United Arab Emirates
fresh_parsley,1,3,4.460144413937834,6.005912676643434,ingredient,United Arab Emirates
dried_lime,1,4,4.23642266081509,5.704654872317211,ingredient,United Arab Emirates
lemon_juice + paprika,3,17,3.8642323415917974,6.542714094194707,pair,United Arab Emirates
sumac + tomato,2,8,4.157145463461131,6.440691009430772,pair,United Arab Emirates
chicken + yogurt,2,9,4.051205069561483,6.276556906228878,pair,United Arab Emirates
oil + sumac,2,9,4.051205069561483,6.276556906228878,pair,United Arab Emirates
garlic + sumac,2,9,4.051205069561483,6.276556906228878,pair,United Arab Emirates
currant,6,2,3.944984856464188,7.7832778914957785,ingredient,United Kingdom
oatmeal,3,0,4.445964013623226,7.527671434537144,ingredient,United Kingdom
mixed_spice,4,2,3.5821953115256018,6.464855783582095,ingredient,United Kingdom
raising_agent,2,0,4.1455429153940155,6.422715110420459,ingredient,United Kingdom
stout,2,0,4.1455429153940155,6.422715110420459,ingredient,United Kingdom
butter + spice,6,6,3.0952759038902524,6.106840301643453,pair,United Kingdom
milk + spice,5,6,2.9278799973129734,5.55090835228744,pair,United Kingdom
egg + spice,5,8,2.6753578394166677,5.07215671059083,pair,United Kingdom
flour + spice,6,11,2.553257339811926,5.037462025156925,pair,United Kingdom
carrot + stock,5,9,2.569392911531315,4.871259951233153,pair,United Kingdom
cheddar_cheese,8,1,4.236359911266252,8.8904769690043,ingredient,United States
swis_cheese,5,0,4.496746880799719,8.525291282997028,ingredient,United States
hot_sauce,15,12,3.0014656122620917,7.16238046563629,ingredient,United States
diced_tomato,3,0,4.073099453608364,6.896356856017256,ingredient,United States
rye_bread,4,1,3.611531974683784,6.5178002156958215,ingredient,United States
hot_sauce + onion,12,10,2.932262699605325,6.692815363235879,pair,United States
cheese + hot_sauce,6,4,3.048219299604749,6.013999735428329,pair,United States
bun + cheese,6,4,3.048219299604749,6.013999735428329,pair,United States
beef + ketchup,6,4,3.048219299604749,6.013999735428329,pair,United States
cheese + ground_beef,8,7,2.8463755090589076,5.973438621474971,pair,United States
yerba_mate,2,0,6.157171571045948,9.539343746740453,ingredient,Uruguay
beef_steak,2,4,4.545420181582317,7.042247415905499,ingredient,Uruguay
ham,6,53,3.436373840462877,6.779811206515326,ingredient,Uruguay
sandwich_bun,1,1,4.970970037703824,6.69377697084501,ingredient,Uruguay
egg_wash,1,1,4.970970037703824,6.69377697084501,ingredient,Uruguay
beef + ham,4,9,4.560869927091511,8.231088414262327,pair,Uruguay
cheese + mayonnaise,4,14,4.152496994893147,7.494090042317998,pair,Uruguay
mayonnaise + tomato,4,17,3.9684266763594414,7.161894849183309,pair,Uruguay
lettuce + mayonnaise,4,21,3.7654195312362706,6.795524006132017,pair,Uruguay
lettuce + mustard,3,12,3.9682579160471576,6.718844702289929,pair,Uruguay
beet,1,2,4.748404354073999,6.39407589916648,ingredient,Uzbekistan
fresh_herb,1,2,4.748404354073999,6.39407589916648,ingredient,Uzbekistan
sunflower_oil,1,4,4.23642266081509,5.704654872317211,ingredient,Uzbekistan
glas_noodle,1,5,4.053522567701846,5.4583664372711675,ingredient,Uzbekistan
herb,3,50,2.803360380906535,4.746501725025354,ingredient,Uzbekistan
herb + oil,3,12,4.192564258190058,7.098628353070895,pair,Uzbekistan
herb + onion,3,24,3.5316406776874447,5.9795874561773115,pair,Uzbekistan
lamb + water,2,20,3.302866771932587,5.117151783671942,pair,Uzbekistan
lamb + paprika,2,20,3.302866771932587,5.117151783671942,pair,Uzbekistan
carrot + vinegar,2,23,3.1675825304806504,4.907555077158885,pair,Uzbekistan
ripe_plantain,1,1,5.154446996128335,6.940842197484352,ingredient,Venezuela
hot_chili_pepper,1,1,5.154446996128335,6.940842197484352,ingredient,Venezuela
annatto,1,2,4.748404354073999,6.39407589916648,ingredient,Venezuela
plantain,3,24,3.5316406776874447,5.9795874561773115,ingredient,Venezuela
black_bean,2,12,3.7870991500818927,5.867375982424153,ingredient,Venezuela
olive + raisin,2,8,4.157145463461131,6.440691009430772,pair,Venezuela
milk + olive,2,9,4.051205069561483,6.276556906228878,pair,Venezuela
bean + black_bean,2,12,3.7870991500818927,5.867375982424153,pair,Venezuela
oil + plantain,2,12,3.7870991500818927,5.867375982424153,pair,Venezuela
onion + plantain,2,17,3.4587672334836332,5.358689326657493,pair,Venezuela
rice_paper,3,0,5.2728530276821015,8.927716237326923,ingredient,Vietnam
fish_sauce,18,59,3.261072873567989,8.06208791498594,ingredient,Vietnam
banana_blossom,2,0,4.957000078263624,7.6799106787182225,ingredient,Vietnam
msg,2,0,4.957000078263624,7.6799106787182225,ingredient,Vietnam
mung_bean,6,9,3.6142064184957676,7.130666893761653,ingredient,Vietnam
fish_sauce + pork,17,25,4.014896915559875,9.817169243359219,pair,Vietnam
fish + pork,17,36,3.655510312939318,8.938402197548305,pair,Vietnam
bean + mint,6,4,4.310295642954806,8.504019661482133,pair,Vietnam
lettuce + shrimp,6,4,4.310295642954806,8.504019661482133,pair,Vietnam
mung_bean + rice,6,4,4.310295642954806,8.504019661482133,pair,Vietnam
whole_chicken,2,1,4.7639206601326975,7.3807715498635345,ingredient,Hong Kong
shaoxing_wine,3,4,4.180085291010275,7.077499624974145,ingredient,Hong Kong
oyster_sauce,5,17,3.397095412828138,6.440484349731141,ingredient,Hong Kong
chicken_wing,2,3,4.069609335087379,6.305070747890103,ingredient,Hong Kong
rock_sugar,2,4,3.8458832029236008,5.958450476680669,ingredient,Hong Kong
scallion + water,7,10,4.292581574321955,8.755667797669206,pair,Hong Kong
oyster_sauce + sugar,4,7,3.9802655955243935,7.18326077102142,pair,Hong Kong
corn_starch + water,5,15,3.5160521575394506,6.666012031324972,pair,Hong Kong
soy_sauce + wine,6,22,3.3572505421012915,6.62370449349947,pair,Hong Kong
sesame_oil + water,6,22,3.3572505421012915,6.62370449349947,pair,Hong Kong
chicken_wing,2,3,4.681552355906898,7.253157830028126,ingredient,Macau
oyster_sauce,4,18,3.8078313969753017,6.872065504199779,ingredient,Macau
chinese_cooking_wine,1,1,4.890349128221754,6.585214983312102,ingredient,Macau
pork_chop,1,1,4.890349128221754,6.585214983312102,ingredient,Macau
cola,1,1,4.890349128221754,6.585214983312102,ingredient,Macau
oil + oyster_sauce,4,13,4.116129350722272,7.428456665489863,pair,Macau
scallion + water,4,13,4.116129350722272,7.428456665489863,pair,Macau
corn_starch + shrimp,3,7,4.360779783169614,7.383441994916441,pair,Macau
sesame_oil + water,5,23,3.8589737843383305,7.316150194133844,pair,Macau
shrimp + starch,3,8,4.242416195972977,7.183035020973494,pair,Macau
pine_nut,6,11,4.51085950651685,8.89972315386374,ingredient,Palestine
flatbread,2,2,4.74493212836325,7.351352500921247,ingredient,Palestine
lemon_juice,11,134,3.1612467120315646,7.088948200205407,ingredient,Palestine
cow_foot,1,1,4.680973149403592,6.303274819796546,ingredient,Palestine
bulgur_wheat,1,1,4.680973149403592,6.303274819796546,ingredient,Palestine
onion + pine_nut,5,5,4.966335035199676,9.415573948538709,pair,Palestine
oil + pine_nut,5,6,4.811603466596281,9.12222150331849,pair,Palestine
nut + pine_nut,6,11,4.51085950651685,8.89972315386374,pair,Palestine
lemon_juice + nut,4,7,4.415126583100227,7.968062638618792,pair,Palestine
lemon_juice + oil,10,70,3.6020692641283047,7.920761694501088,pair,Palestine
