date,dish_name,countries_of_origin,ingredients,comm_average_score,top_guess,percent_agreement
5/1/2026,Sichuan Pao Cai,China,"Cabbage, carrots, radishes, ginger, garlic, chili peppers, salt, water, Sichuan peppercorns, sugar (optional), rice vinegar (optional)."
5/1/2026,Omo Tuo,Ghana,"Rice, water, salt (optional)."
5/1/2026,Shekerbura,Azerbaijan,"Wheat flour, butter, milk, egg yolk, sugar, ground almonds, ground hazelnuts, ground walnuts, cardamom, (optional saffron), (optional rose water), (optional vanilla), (optional baking powder), (optional salt)"
5/2/2026,Taba Ng Talangka,Philippines,"Talangka crab fat, garlic, onion, ginger, vinegar, salt, black pepper, chili (optional), calamansi juice (optional), butter (optional)."
5/2/2026,Eggplant Papoutsakia,Greece; Turkey,"Eggplant, ground meat, onion, garlic, tomatoes, olive oil, feta cheese, Parmesan cheese (optional), bell peppers (optional)."
5/2/2026,Hokey Pokey,New Zealand,"Sugar, golden syrup, baking soda, (optional) vinegar, (optional) butter."
5/3/2026,Goat Meat Pepper Soup,Nigeria,"Goat meat, water, peppers, onions, garlic, ginger, scent leaves (optional), basil (optional), bouillon cubes (optional), salt, ground crayfish (optional), chili paste (optional), alligator pepper (optional)."
5/3/2026,Pan de Yuca,Ecuador; Colombia,"Cassava starch, queso fresco or queso costeño"
5/3/2026,Plombières,France,"milk, heavy cream, egg yolks, sugar, vanilla, candied fruits, Kirsch, rum (optional), almond extract (optional)"
5/4/2026,Fajita,Mexico; United States,"Chicken or Beef, Bell Peppers, Onions, Tortillas, Lime, Salt, Pepper, Cumin, Garlic, Oil, (optional) Cheese, (optional) Sour Cream, (optional) Guacamole, (optional) Salsa"
5/4/2026,Cambozola,Germany,"Cow's milk, cream, blue mold, white mold, rennet, salt."
5/4/2026,Picarones,Peru,"Sweet potatoes, squash, flour, sugar, yeast, water, salt, anise seeds, oil, cinnamon, cloves, chancaca, orange peel, lemon peel, (optional) vanilla, (optional) honey, (optional) powdered sugar."
5/5/2026,Tehri,India,"Rice, potatoes, peas, tomatoes, onion, garlic, ginger, green chilies, turmeric, cumin seeds, coriander powder, garam masala, bay leaves, oil, salt, water, (optional) carrots, (optional) cauliflower, (optional) bell peppers, (optional) saffron"
5/5/2026,Mushroom Ketchup,United Kingdom,"Mushrooms, salt, allspice, cloves, black pepper, bay leaves, mace, nutmeg, ginger, onions, vinegar, white wine (optional), horseradish (optional), mustard seeds (optional), garlic (optional), sugar (optional)."
5/5/2026,Kalbi El Louz,Algeria,"Semolina, sugar, butter, almonds, orange blossom water, milk, honey, water, cinnamon (optional), lemon zest (optional)."
5/6/2026,Baghali Polo,Iran,"Rice, dill, fava beans, saffron, oil, salt, turmeric, garlic, onion, lamb (optional), chicken (optional), butter (optional), cinnamon (optional)."
5/6/2026,Kaeng yot maphrao sai kai,Thailand,"Chicken, coconut shoots, coconut milk, red curry paste, fish sauce, palm sugar, kaffir lime leaves, basil, (optional) bamboo shoots, (optional) eggplant, (optional) fresh chilies, (optional) garlic, (optional) shallots"
5/6/2026,Castagnaccio,Italy,"Chestnut flour, water, olive oil, pine nuts, raisins, rosemary, walnuts (optional), orange zest (optional), fennel seeds (optional), sugar (optional), salt."
5/7/2026,Plecing Kangkung,Indonesia,"Kangkung (water spinach), garlic, shallots, bird's eye chili peppers, tomatoes, shrimp paste, lime, salt, sugar, (optional) fried peanuts, (optional) coconut oil."
5/7/2026,Hasselback Potatoes,Sweden,"Potatoes, butter, olive oil, salt, black pepper, garlic (optional), cheese (optional), herbs (optional), breadcrumbs (optional)."
5/7/2026,Soufflé-style cheesecake,Japan,"Cream cheese, sugar, eggs, butter, milk, lemon juice, flour, cornstarch, vanilla extract, (optional) salt, (optional) baking powder, (optional) white chocolate, (optional) fruit toppings, (optional) powdered sugar for dusting."
5/8/2026,Saganaki,Greece,"Kefalotyri cheese, flour, olive oil, lemon wedges, black pepper, (ouzo), (kasseri cheese), (gruyere cheese), (feta cheese), (prawns), (tomato sauce), (herbs)."
5/8/2026,Kam Wing Tai Fish Balls,Hong Kong; Macau; China,"Fish paste, water, salt, sugar, white pepper, corn starch, tapioca starch, oil, (optional: monosodium glutamate, baking powder, garlic, shallots, soy sauce, sesame oil)"
5/8/2026,Suksil-gwa,South Korea; North Korea,"Rice flour, cinnamon, honey, sesame seeds, salt, pine nuts, ginger, jujubes, chestnuts, syrup."
5/9/2026,Kokonte,Ghana,"Cassava flour, water, salt, groundnut soup (optional), palm nut soup (optional), dried fish (optional), smoked fish (optional), meat (optional)."
5/9/2026,Porra Antequerana,Spain,"Tomatoes, bread, olive oil, garlic, green bell pepper, red bell pepper, vinegar, salt, eggs (optional), tuna (optional), ham (optional)"
5/9/2026,Leche Flan Cake,Philippines,"Eggs, sugar, milk, evaporated milk, condensed milk, vanilla extract, all-purpose flour, baking powder, butter, cream of tartar, lemon zest (optional), orange zest (optional)."
5/10/2026,Tinapayan,Philippines,"tapay, dried fish, salt"
5/10/2026,Kouign-amann,France,"Flour, butter, sugar, water, yeast, salt, (optional vanilla), (optional lemon zest)."
5/10/2026,Sekuwa,Nepal,"Meat, garlic, ginger, cumin, coriander, turmeric, red chili powder, mustard oil, yogurt, lemon juice, salt, fenugreek seeds (optional), sesame seeds (optional), fresh cilantro (optional), green chili (optional)."
5/11/2026,Glasswort Salad,Turkey,"Glasswort, olive oil, lemon juice, salt, garlic (optional), onion (optional), vinegar (optional), red pepper flakes (optional)."
5/11/2026,Bubble And Squeak,United Kingdom,"Potatoes, cabbage, butter, vegetable oil, salt, pepper, carrots (optional), peas (optional), brussels sprouts (optional), onions (optional)."
5/11/2026,Doberge Cake,United States,"Flour, sugar, butter, eggs, milk, baking powder, salt, vanilla extract, chocolate, lemon zest, lemon juice, confectioners' sugar, whipping cream, pudding mix (optional), fondant (optional), icing (optional)"
5/12/2026,Sev,India,"Besan, oil, red chili powder, turmeric powder, salt, carom seeds (optional)."
5/12/2026,Screwdriver,United States; Turkey,"Vodka, orange juice, ice (optional), orange slice (optional), cherry (optional)"
5/12/2026,Coffee And Walnut Cake,United Kingdom,"Flour, eggs, butter, sugar, coffee, walnuts, baking powder, salt, vanilla extract, milk (optional), cream cheese (optional), icing sugar (optional)"
5/13/2026,Shafoot,Yemen,"Lahoh, buttermilk, yogurt, fenugreek, coriander leaves, mint leaves, green chili, garlic, lemon juice, cumin, salt, black pepper, onions (optional), tomatoes (optional), cucumbers (optional)."
5/13/2026,Mu Ping,Thailand,"Pork, garlic, coriander root, oyster sauce, soy sauce, fish sauce, palm sugar, white pepper, coconut milk, lemongrass (optional), ginger (optional)."
5/13/2026,Jungle Bird,Malaysia,"Dark rum, Campari, pineapple juice, lime juice, simple syrup, pineapple wedge (optional), cherry (optional)"
5/14/2026,Speck Alto Adige,Italy,"Pork, sea salt, pepper, juniper berries, bay leaves, rosemary, garlic (optional), coriander (optional), sugar (optional)."
5/14/2026,Volkswagen Currywurst,Germany,"Pork, salt, pepper, paprika, curry powder, nutmeg, garlic, onion, mustard seed, sugar, water, pork casing, preservatives (optional), emulsifiers (optional)."
5/14/2026,Hishi Mochi,Japan,"Glutinous rice flour, sugar, water, red food coloring, white bean paste, yomogi, matcha."
5/15/2026,Afghan Salad,Afghanistan,"Tomatoes, cucumbers, onions, fresh cilantro, lemon juice, olive oil, salt, pepper, mint (optional), radishes (optional)"
5/15/2026,Chikin,South Korea,"Chicken, salt, black pepper, garlic, ginger, soy sauce, rice wine, corn starch, potato starch, flour, baking powder, water, vegetable oil, gochujang, honey, brown sugar, soy sauce (for sauce), garlic (for sauce), ginger (for sauce), sesame oil (optional), sesame seeds (optional), green onions (optional)."
5/15/2026,Countess,French Guiana,"Flour, sugar, butter, eggs, baking powder, vanilla extract, milk, rum (optional), lemon zest (optional)"
5/16/2026,Nabulsi Cheese,Palestine,"Sheep's milk, goat's milk, cow's milk, salt, nigella seeds (optional), mahlab (optional)"
5/16/2026,Tahu Campur,Indonesia,"Tofu, bean sprouts, lettuce, rice cake, noodles, shrimp crackers, sambal, fried shallots, garlic, lemongrass, lime leaves, galangal, turmeric, soy sauce, brown sugar, tamarind, salt, water, peanuts, cabbage, lime, ginger, fish sauce, sweet soy sauce, coriander, chili, egg (optional), beef or offal (optional)."
5/16/2026,Monkey Gland,France,"Gin, orange juice, grenadine, absinthe, (optional: bitters, (optional: cherry for garnish), (optional: orange peel for garnish))"
5/17/2026,Pulpo Al Olivo,Peru,"Octopus, black olives, mayonnaise, lime juice, garlic, olive oil, salt, pepper, lettuce (optional), crackers (optional), boiled potatoes (optional), parsley (optional), capers (optional)"
5/17/2026,Dinengdeng,Philippines,"Malunggay leaves, string beans, eggplant, squash blossoms, winged beans, okra, ampalaya, bagoong monamon, water, tomatoes, salt, (optional: grilled fish, sweet potatoes, patani beans, bamboo shoots)."
5/17/2026,Pain Aux Raisins,France,"Flour, water, butter, sugar, salt, yeast, milk, eggs, raisins, vanilla extract, cinnamon (optional), rum (optional), nuts (optional)."
5/18/2026,Crempog,United Kingdom,"Flour, eggs, milk, butter, sugar, salt, baking powder, buttermilk"
5/18/2026,Monte Cristo Sandwich,United States,"White bread, ham, turkey, Swiss cheese, eggs, milk, butter, powdered sugar, jelly optional"
5/18/2026,Maria-mole,Brazil,"Gelatin, sugar, coconut milk, grated coconut, water, (optional: condensed milk, cornstarch, vanilla extract, salt)"
5/19/2026,Garrotxa Cheese,Spain,"Pasteurized goat's milk, cheesemaking cultures, rennet, salt."
5/19/2026,Martinez,United States,"Gin, sweet vermouth, maraschino liqueur, orange bitters, lemon twist (optional), cherry (optional)"
5/19/2026,Golden Gaytime,Australia,"Toffee, vanilla ice cream, chocolate, biscuit crumbs, caramel, vegetable oil, wheat flour, sugar, glucose, soy lecithin, water, (optional) barley malt extract, (optional) salt, (optional) milk solids."
5/20/2026,Yau Gok,Hong Kong; Macau; China,"Glutinous rice flour, wheat flour, sugar, peanuts, sesame seeds, coconut, vegetable oil, water, salt, five-spice powder, (optional) dried tangerine peel, (optional) almond paste, (optional)."
5/20/2026,Hawawshi,Egypt,"Ground meat, onion, tomato, green pepper, garlic, coriander, cumin, cinnamon, allspice, salt, black pepper, red pepper, parsley, bread, chili pepper (optional), paprika (optional), butter (optional), ghee (optional), cheese (optional)."
5/20/2026,Hueso De Santo,Spain,"Almonds, sugar, egg yolks, water, lemon zest, cinnamon (optional)"
5/21/2026,Westphalian Ham,Germany,"Pork leg, salt, juniper berries, black pepper, sugar or honey (optional)."
5/21/2026,Agemochi,Japan,"Mochi, oil, salt, soy sauce, sugar (optional)"
5/21/2026,Pashmak,Iran,"Sugar, flour, water, sesame oil, rosewater (optional), pistachios (optional), cardamom (optional)"
5/22/2026,Tihlo,Ethiopia,"Barley flour, water, clarified butter, berbere, onions, garlic, tomato paste, broth, salt, (optional) lentils."
5/22/2026,Chicken Marsala,Italy,"Chicken breast, flour, salt, black pepper, olive oil, butter, mushrooms, garlic, onion, Marsala wine, chicken broth, parsley, thyme, (optional) heavy cream."
5/22/2026,Rasabali,India,"Milk, sugar, semolina, wheat flour, cardamom, clarified butter, (saffron strands optional), (rose water optional), (chopped nuts optional)."
5/23/2026,Smažený Sýr,Slovakia; Czechia,"Cheese, breadcrumbs, flour, eggs, oil, tartar sauce (optional), salad (optional)."
5/23/2026,Guasacaca,Venezuela,"Avocado, onion, garlic, green bell pepper, cilantro, parsley, vegetable oil, white vinegar, salt, black pepper, sweet pepper (optional), lime juice (optional), hot chili pepper (optional)"
5/23/2026,Far Breton,France,"Prunes, flour, sugar, eggs, milk, butter, vanilla extract, salt, rum (optional)."
5/24/2026,Quibebé,Paraguay,"Pumpkin, cornmeal, milk, butter, onion, salt, sugar, cheese (optional), cream (optional), eggs (optional)"
5/24/2026,Italian Sausage,United States,"Pork, fennel seed, garlic, salt, black pepper, red pepper flakes, paprika, sugar, oregano, parsley, white wine (optional), anise seed (optional)."
5/24/2026,Timbits,Canada,"Flour, sugar, baking powder, salt, milk, eggs, butter, vanilla extract, oil for frying, cinnamon (optional), nutmeg (optional), chocolate (optional), powdered sugar (optional), sprinkles (optional), glazed coating (optional)."
5/25/2026,Duck Rice,Indonesia; Brunei; Cambodia; Malaysia; Philippines; Vietnam; Singapore; Myanmar; Cocos (Keeling) Islands; Laos; Thailand; Christmas Island,"Duck, rice, soy sauce, garlic, ginger, spring onions, star anise, cinnamon, coriander (optional), pandan leaves (optional), oyster sauce (optional), sesame oil (optional), brown sugar (optional), fish sauce (optional), chili (optional)."
5/25/2026,Aprapransa,Ghana,"Cornmeal, groundnut paste, palm oil, smoked fish, herrings, tomatoes, onions, pepper, water, salt, (optional: crabs, shrimps, spinach, okra, garden eggs)."
5/25/2026,Nabak-kimchi,North Korea; South Korea,"Napa cabbage, mu (radish), water, garlic, ginger, green onions, chili flakes, minari (Java waterdropwort), salt, sugar, (pear), (carrot), (apple)"
5/26/2026,Danbing,Taiwan,"Flour, water, salt, eggs, green onions, cooking oil, soy sauce (optional), hoisin sauce (optional), sweet chili sauce (optional), cheese (optional), bacon (optional), ham (optional), corn (optional), kimchi (optional)."
5/26/2026,Zhēng shuǐ dàn,China,"Eggs, water, salt, sesame oil (optional), soy sauce (optional), green onions (optional), shrimp (optional), chicken broth (optional)"
5/26/2026,Ti' Punch,Saint Barthélemy; Guadeloupe; Martinique; Réunion; Saint Martin,"Rhum agricole, lime, cane sugar, ice (optional)"
5/27/2026,Torreznos,Spain,"Pork belly, salt, olive oil (optional), paprika (optional)."
5/27/2026,Sobá,Brazil,"Wheat noodles, pork, green onions, omelette strips, broth, soy sauce, fish sauce, (optional: chicken, beef, kamaboko, nori, sesame seeds, lime)"
5/27/2026,Malawah,Somalia,"Flour, water, sugar, salt, oil, ghee, milk (optional), eggs (optional)."
5/28/2026,Khichdi,India,"Rice, lentils, ghee, turmeric, cumin seeds, mustard seeds, asafoetida, green chili, ginger, garlic, onion (optional), peas (optional), carrots (optional), potatoes (optional), tomatoes (optional), salt, water, cilantro (optional)."
5/28/2026,Küftəbozbaş,Azerbaijan,"Lamb, chickpeas, onion, rice, potato, turmeric, dried plum (optional), egg (optional), herbs, salt, pepper"
5/28/2026,Caraway Seed Cake,United Kingdom,"Flour, butter, sugar, eggs, caraway seeds, baking powder, milk, lemon zest (optional), nutmeg (optional), vanilla extract (optional)."
5/29/2026,Saga cheese,Denmark,"Cow's milk, salt, cultures, rennet, cream (optional)."
5/29/2026,Begodya,Kyrgyzstan; Uzbekistan; Kazakhstan; Russia,"wheat flour, yeast, water, salt, sugar, vegetable oil, beef, onion, cabbage, black pepper, garlic (optional), butter (optional)"
5/29/2026,Makówki,Poland; Czechia; Germany,"Poppy seeds, milk, sugar, honey, bread or sweet rolls, nuts, almonds, dried fruit, butter (optional), lemon zest (optional), cinnamon (optional), vanilla extract (optional)"
5/30/2026,Vol-au-vent,France,"Puff pastry, butter, flour, eggs, chicken, mushrooms, cream, white wine, salt, pepper, parsley, (optional: seafood, bacon, vegetables, truffle, cheese)."
5/30/2026,Sgabeo,Italy,"Flour, yeast, water, salt, olive oil, lard (optional), cheese (optional), cold cuts (optional), honey (optional)."
5/30/2026,Blackout Cake,United States,"Flour, sugar, cocoa powder, baking soda, baking powder, salt, eggs, buttermilk, vegetable oil, vanilla extract, hot water, butter, semisweet chocolate, milk, cornstarch, heavy cream, (optional coffee), (optional chocolate chips), (optional sour cream)."
5/31/2026,Dadar Gulung,Indonesia,"Coconut milk, rice flour, pandan leaf juice, grated coconut, palm sugar, salt, water, pandan paste(optional), food coloring(optional)."
5/31/2026,Chupe de centolla,Peru,"Centolla crab, potatoes, onions, garlic, tomato, rice, milk, cheese, eggs, butter, vegetable oil, aji amarillo, parsley, salt, pepper, bread (optional), peas (optional), corn (optional), carrots (optional), cream (optional), fish stock (optional), white wine (optional)"
5/31/2026,Yulmu-cha,North Korea; South Korea,"Job's tears, glutinous rice powder, sugar, water, (optional) milk, (optional) honey, (optional) pine nuts, (optional) walnuts, (optional) almonds, (optional) pumpkin seeds"
6/1/2026,Rebanira Itame,Japan,"Garlic chives, pork, bean sprouts, garlic, soy sauce, oyster sauce, sake, sesame oil, salt, pepper, (optional) onion, (optional) bell pepper, (optional) cabbage, (optional) eggs",4306,China,46
6/1/2026,Chickpea Bread,Albania; Turkey,"Chickpea flour, water, salt, olive oil, yeast, sugar, baking powder, cumin, sesame seeds, (optional) chili flakes, (optional) garlic, (optional) herbs, (optional) onion, (optional) black pepper.",3430,United Kingdom,15
6/1/2026,Yellow Bird,Jamaica; Barbados; Puerto Rico; Bahamas; Haiti; Trinidad and Tobago; Dominican Republic; Cuba,"White rum, galliano, triple sec, lime juice, orange juice, sugar syrup (optional), pineapple juice (optional), bitters (optional)",3911,United States,27
6/2/2026,Pinangat Na Isda,Philippines,"Fish, tomatoes, onions, kamias, salt, pepper, water, ginger, tamarind, (optional: green chilies, eggplant, mustard leaves)",3540,Philippines,14
6/2/2026,Kefalotyri,Greece; Cyprus,"Sheep's milk, goat's milk, rennet, salt, olive oil (optional).",3986,Italy,36
6/2/2026,Khanom Tan,Thailand,"Toddy palm sugar, rice flour, coconut milk, shredded coconut, baking soda, salt, pandan leaves (optional).",3794,Indonesia,24
6/3/2026,Stuffed piquillo Pepper,Spain,"Peppers, olive oil, garlic, onions, salt, (optional: black pepper, sugar, vinegar, bread crumbs, cheese, seafood, meats, rice).",4306,Spain,39
6/3/2026,Borzguène,Tunisia,"Semolina, lamb or beef, onions, chickpeas, olive oil, cumin, coriander, caraway, tomato paste, harissa, garlic, salt, pepper, water, (optional: carrots, potatoes, turnips, saffron).",2630,Turkey,15
6/3/2026,Mulga Apple,Australia,Mulga apples,3698,Australia,23
6/4/2026,Twisties,Australia,"Corn meal, vegetable oil, whey powder, cheese powder, salt, monosodium glutamate, sugar, butterfat, natural flavors, onion powder, garlic powder, paprika, color (optional), flavor enhancers (optional).",3867,United States,83
6/4/2026,Pig's Organ Soup,Malaysia; Singapore,"Pork liver, pork heart, pork intestines, pork stomach, pork meat, pork bones, meatballs, minced garlic, lettuce, parsley onion leaves, white pepper",3265,China,39
6/4/2026,Mantecada,Spain,"flour, eggs, sugar, lard, lemon zest, cinnamon (optional), sesame seeds (optional)",3962,United Kingdom,28
6/5/2026,Sangrita,Mexico,"Orange juice, lime juice, grenadine, chili powder, hot sauce (optional), tomato juice (optional), salt (optional), onion (optional), pomegranate juice (optional), jalapeño (optional)",4689,Mexico,69
6/5/2026,Parker House Roll,United States,"Flour, milk, sugar, butter, eggs, yeast, salt, (optional) honey.",3952,United Kingdom,19
6/5/2026,John Collins,United Kingdom,"Gin, lemon juice, sugar syrup, soda water, ice, lemon slice (optional), maraschino cherry (optional)",4348,United Kingdom,31
6/6/2026,Feteer,Egypt,"Flour, water, salt, ghee, butter, sugar, milk, honey (optional), cream (optional), cheese (optional), meat (optional), vegetables (optional), fruits (optional), nuts (optional)",3233,India,43
6/6/2026,Laal Maas,India,"Mutton, yogurt, red chili paste, garlic, ginger, onions, mustard oil, coriander powder, cumin seeds, turmeric, cloves, green cardamom, black pepper, ghee, bay leaf, salt, lemon juice, coriander leaves, dried red chilies, (optional: cinnamon stick, asafoetida, fennel seeds, lime juice).",4624,India,70
6/6/2026,Amandine,Romania,"Eggs, sugar, flour, cocoa powder, milk, butter, chocolate, heavy cream, almond extract, vanilla extract, almonds, rum (optional), powdered sugar (optional).",2793,France,53
6/7/2026,Maccheroni alla pastora,Italy,"Penne rigate, cream, peas, champignon mushrooms, cooked ham, grated Parmesan cheese",4916,Italy,90
6/7/2026,Fatoot,Yemen,"Bread, eggs, tomatoes, onions, garlic, oil, salt, pepper, cumin, turmeric, chili (optional), coriander (optional).",2117,India,24
6/7/2026,Pisco Sour,Peru; Chile,"Pisco, lime juice, simple syrup, egg white, angostura bitters (optional), ice",3450,Peru,16
6/8/2026,Boli,Nigeria,"Plantains, palm oil, groundnut, salt, pepper, fish (optional), tomato (optional), onion (optional), spices (optional).",3098,Jamaica,19
6/8/2026,Mesclun,France,"Leafy greens, chicory, arugula, endive, radicchio, dandelion greens, lamb's lettuce, frisée (optional), herbs (optional)",4407,France,35
6/8/2026,Konpeitō,Japan,"Sugar, Water, Food coloring (optional), Flavoring (optional).",4388,Japan,47
6/9/2026,Xis,Brazil,"Ground beef, cheese, lettuce, tomato, mayonnaise, corn, peas, bacon, sausage, fried egg, ham, potato sticks, ketchup (optional), mustard (optional), pickles (optional), mayonnaise-based sauces (optional).",3481,United States,54
6/9/2026,Sanbeiji,China; Taiwan,"Chicken, soy sauce, rice wine, sesame oil, ginger, garlic, sugar, basil leaves (optional), green onions (optional), chili peppers (optional).",4522,China,51
6/9/2026,Gilgeori Toast,South Korea,"Bread, eggs, cabbage, carrot, ham, cheese, sugar, ketchup (optional), mayonnaise (optional), mustard (optional).",3064,United States,19
6/10/2026,Kalduny,Belarus; Poland; Lithuania,"Flour, water, eggs, salt, ground meat, onions, butter, pepper, (optional mushrooms), (optional garlic), (optional sour cream).",3970,Poland,28
6/10/2026,Batagor,Indonesia,"Tofu, fish paste, tapioca flour, shallots, garlic, pepper, salt, water, wonton wrappers, peanut sauce, sweet soy sauce, lime juice, fried shallots (optional), sliced cucumber (optional), sambal (optional), kecap manis (optional).",3820,Thailand,26
6/10/2026,Pastillas,Philippines,"Milk, sugar, condensed milk (optional), powdered milk (optional), butter (optional), lemon zest (optional), vanilla extract (optional), granulated sugar for coating (optional)",3645,Philippines,28
6/11/2026,Tekwan,Indonesia,"Fish paste, tapioca flour, garlic, shallots, white pepper, celery, mushroom, jicama, bamboo shoots, shrimp, sugar, salt, water, spring onions (optional), crispy fried shallots (optional), lime juice (optional), rice noodles (optional).",3710,Japan,23
6/11/2026,Batik Cake,Brunei; Malaysia,"Marie biscuits, condensed milk, cocoa powder, butter, eggs, Milo or other malted chocolate drinks (optional), sugar (optional), vanilla extract (optional).",2471,Australia,20
6/11/2026,Muskazine,Germany,"Almonds, sugar, flour, eggs, cinnamon, cloves, nutmeg, cardamom, (optional) candied citrus peel or ginger.",3751,Germany,17
6/12/2026,Mangalorean Chicken Sukka,India,"Chicken, grated coconut, onions, garlic, ginger, cumin seeds, coriander seeds, fennel seeds, red chilies, curry leaves, black pepper, turmeric powder, oil, salt, tamarind, (optional: green chilies, mustard seeds, cinnamon, cloves, coriander leaves)",4604,India,65
6/12/2026,Bedfordshire Clanger,United Kingdom,"Suet pastry, plain flour, water, salt, baking powder, beef, pork, potatoes, onions, apples, sugar, butter, sage, black pepper, (optional) thyme, (optional) parsley, (optional) carrots, (optional) peas.",4521,United Kingdom,54
6/12/2026,Şöbiyet,Turkey,"Phyllo dough, unsalted butter, pistachios, semolina, sugar, milk, water, lemon juice, rose water (optional).",4315,Turkey,36
6/13/2026,Pain Tabouna,Tunisia,"Flour, water, yeast, olive oil, sugar, salt, semolina (optional), nigella seeds (optional), anise seeds (optional).",2548,India,20
6/13/2026,Dodger Dog,United States,"hot dog, hot dog bun, mustard (optional), ketchup (optional), relish (optional), onions (optional), cheese (optional).",4927,United States,91
6/13/2026,Créponné,Algeria,"Lemon, sugar, eggs, milk, flour, butter, vanilla extract, (optional) orange zest, (optional) almond extract.",2758,Italy,56
6/14/2026,Senbei,Japan,"Rice flour, soy sauce, sugar (optional), mirin (optional), seaweed (optional), sesame seeds (optional), shrimp or fish flavoring (optional).",4742,Japan,72
6/14/2026,Cabrales Cheese,Spain,"Cow's milk, goat's milk, sheep's milk, penicillium mold, salt, water (optional).",4126,France,65
6/14/2026,Torta Barozzi,Italy,"Dark chocolate, butter, eggs, sugar, ground almonds, ground peanuts, vanilla extract, coffee, rum (optional).",4089,Italy,25
6/15/2026,Beirute,Brazil,"Pita bread, beef or chicken, lettuce, tomato, cheese, egg, mayonnaise, mustard, (optional) bacon.",3131,United States,32
6/15/2026,Lángos,Hungary,"Flour, yeast, salt, water, milk, sour cream (optional), garlic (optional), cheese (optional), butter (optional), oil, potatoes (optional).",3294,Italy,15
6/15/2026,Tarte Tatin,France,"Apples, sugar, butter, puff pastry, lemon juice, cinnamon (optional), vanilla extract (optional), nutmeg (optional).",4534,France,52
6/16/2026,Basa cheese,Bosnia and Herzegovina; Croatia,"Milk, sour cream, salt, rennet, (optional) garlic, (optional) herbs.",3095,France,23
6/16/2026,Palm Nut Soup,"Saint Helena, Ascension and Tristan da Cunha; Gambia; Nigeria; Cape Verde; Sierra Leone; Benin; Ghana; Niger; Guinea; Guinea-Bissau; Mali; Senegal; Burkina Faso; Togo; Ivory Coast; Cameroon; Mauritania; Liberia","Palm nut, water, meat, onion, tomato, chili pepper, garlic, salt, fish (optional), smoked fish (optional), okra (optional), spinach (optional), eggplant (optional), crayfish (optional).",3937,Nigeria,23
6/16/2026,Bint Al-sahn,Yemen,"Flour, yeast, water, eggs, butter, sugar, honey, salt, nigella seeds (optional).",2463,France,22
6/17/2026,Badımcan dolması,Azerbaijan,"Eggplants, rice, onions, ground meat, butter, salt, black pepper, tomatoes, parsley, mint, (optional) garlic, (optional) saffron, (optional) sumac, (optional) tomato paste, (optional) lemon juice.",2746,Turkey,20
6/17/2026,Kerak Telor,Indonesia,"Glutinous rice, duck and or chicken eggs, fried shallots, shredded coconut, dried shrimp, red chilies (optional), black pepper, salt.",3992,Thailand,25
6/17/2026,Pasankalla,Peru; Bolivia,"Giant corn, sugar, vegetable oil, water (optional), food coloring (optional), cinnamon (optional)",3143,Mexico,27
6/18/2026,Falukorv,Sweden,"Pork, beef, veal, potato starch, onion, salt, pepper, nutmeg, milk powder, garlic (optional), boneless chicken (optional), sugar (optional).",3592,Germany,54
6/18/2026,Ayran aşı Ərdəbil,Iran,"Ayran, chickpeas, rice, garlic, coriander, dill, leeks, salt, black pepper, egg (optional), minced meat (optional), onions (optional), dried mint (optional), spinach (optional)",3379,Turkey,22
6/18/2026,Sinangag,Indonesia; Malaysia; Philippines,"cooked rice, garlic, oil, salt, black pepper (optional), onion (optional), egg (optional), spring onion (optional)",4268,Philippines,30
6/19/2026,Escoveitch,Jamaica,"Fish, vinegar, onion, carrot, pimento berries, scotch bonnet pepper, salt, black pepper, oil, bell pepper (optional), garlic (optional), thyme (optional), flour (optional), sugar (optional)",3305,Jamaica,33
6/19/2026,Koottu,India,"Split yellow lentils, coconut, cumin seeds, mustard seeds, oil, curry leaves, dried red chilies, turmeric powder, salt, water, mixed vegetables, black gram dal, asafoetida, green chilies, coriander powder, pepper, tamarind, jaggery (optional).",4635,India,76
6/19/2026,Lardy Cake,United Kingdom,"Flour, lard, sugar, currants, yeast, water, milk, salt, butter (optional), mixed spice (optional).",4418,United Kingdom,46
6/20/2026,Jiaoquan,China,"Wheat flour, water, oil, yeast, salt, sugar, baking powder (optional), sesame seeds (optional)",3952,China,29
6/20/2026,Pesarattu,India,"Green gram, rice (optional), ginger, green chili, onion, cumin seeds, curry leaves (optional), coriander leaves (optional), salt, oil",4630,India,77
6/20/2026,Sake Bomb,United States,"Beer, sake, (energy drink optional)",4050,Japan,75
6/21/2026,Beggar's Chicken,Hong Kong; Macau; China; Taiwan,"Whole chicken, lotus leaf, mud or dough, soy sauce, ginger, garlic, oyster sauce, five-spice powder, star anise, dark soy sauce, sugar, sesame oil, scallions, mushrooms (optional), chestnuts (optional).",4619,China,72
6/21/2026,Ori-tang,North Korea; South Korea,"Duck, water, radish, garlic, ginger, soy sauce, salt, pepper, green onions, red pepper flakes (optional), sesame seeds (optional).",3970,South Korea,27
6/21/2026,Fakhfakhina,Egypt,"Mixed fruits, ice cream or whipped cream (optional), fruit juice or syrup, nuts (optional), fresh mint leaves (optional).",2487,United States,34
6/22/2026,Talo,Spain; France,"Corn flour, water, salt, olive oil, cheese (optional), chistorra (optional), bacon (optional).",3866,Mexico,35
6/22/2026,Bistecca Alla Fiorentina,Italy,"Aged T-bone or porterhouse steak, olive oil, rosemary, salt, pepper, lemon wedges (optional), garlic (optional), thyme (optional).",4069,United States,51
6/22/2026,Crémas,Haiti,"Condensed milk, evaporated milk, cream of coconut, dark rum, vanilla extract, cinnamon, nutmeg, lime zest, almond extract (optional), star anise (optional), clove (optional), grated coconut (optional), sugar (optional)",2415,Philippines,15
6/23/2026,Alguashte,Honduras; El Salvador,"Toasted pumpkin seeds, salt, (optional) chili powder, (optional) dried ground corn, (optional) dried herbs",2468,Mexico,33
6/23/2026,Queijo Coalho,Brazil,"Cows milk, salt, enzymes, butter (optional), herbs (optional), spices (optional).",3546,France,22
6/23/2026,Peach Melba,France,"Peaches, raspberries, sugar, vanilla ice cream, whipped cream (optional), sliced almonds (optional), raspberry liqueur (optional).",4163,United States,28
6/24/2026,Sujuk,Kyrgyzstan; Armenia; Georgia; Bulgaria; Bosnia and Herzegovina; Kazakhstan; Albania; Turkey,"Ground beef, ground lamb, garlic, paprika, cumin, sumac, salt, pepper, red pepper flakes, allspice, fenugreek, coriander, (optional) chili powder, (optional) nutmeg, (optional) clove.",3751,Germany,16
6/24/2026,Curl,Japan,"Corn grits, vegetable oil, salt, cheese powder, seasoning, sugar, milk powder (optional), butter powder (optional), monosodium glutamate (optional).",3330,United States,66
6/24/2026,Caipirinha,Brazil,"Cachaca, lime, sugar, ice, fruit (optional), simple syrup (optional), bitters (optional)",4163,Brazil,32
6/25/2026,Madras Curry,United Kingdom,"Oil, onion, garlic, ginger, green chili, tomato, curry leaves (optional), cumin seeds, coriander powder, turmeric powder, chili powder, black pepper, garam masala, meat or poultry or vegetables, salt, lemon juice (optional), yogurt (optional), fresh cilantro (optional)",3295,India,77
6/25/2026,Piracaldo,Paraguay,"Fish, onions, tomatoes, bell peppers, garlic, oil, water, potatoes, salt, black pepper, parsley, (optional) hot pepper, (optional) green onions, (optional) carrots, (optional) rice, (optional) lemon juice",2278,Spain,13
6/25/2026,Paloma,Mexico,"Tequila, grapefruit soda, lime juice",4732,Mexico,71
6/26/2026,Bánh Hỏi,Vietnam,"Rice vermicelli, garlic chives, bean sprouts, pork, shrimp, scallions, fish sauce, sugar, lime juice, chili peppers, shallots, garlic, lettuce, mint, coriander, basil, peanuts.",4276,Vietnam,42
6/26/2026,Nasi Minyak,Indonesia; Malaysia; Singapore; Thailand,"Basmati rice, ghee, garlic, ginger, star anise, cinnamon stick, cloves, cardamom pods, onions, evaporated milk, water, saffron (optional), rose water (optional), pandan leaves (optional), raisins (optional), fried shallots (optional).",4068,India,63
6/26/2026,Bakı Qurabiyyəsi,Azerbaijan,"Flour, butter, sugar, eggs, vanilla, lemon zest, powdered sugar, (optional: walnuts, almonds, pistachios)",2348,United Kingdom,25
6/27/2026,Surf And Turf,United States,"Steak, lobster, butter, garlic, black pepper, salt, olive oil, lemon, parsley, thyme, (optional shrimp), (optional crab), (optional béarnaise sauce), (optional mushrooms), (optional potatoes)",4658,United States,67
6/27/2026,Bhoonja,India,"Rice, puffed rice, lentils, peanuts, chickpea flour, turmeric, cumin seeds, coriander seeds, salt, chili powder, black mustard seeds, curry leaves, vegetable oil, chilies, ginger, garlic, onions, green peas (optional), cashews (optional), raisins (optional), fennel seeds (optional).",4614,India,66
6/27/2026,Ul Boov,Mongolia,"Flour, sugar, water, yeast, egg, butter, sheep fat, salt, baking powder, (optional) milk, (optional) vanilla extract, (optional) raisins.",3804,Mongolia,40
6/28/2026,Hermelín cheese,Czechia,"Cow's milk, oil, onion, garlic, pepper, paprika, chili peppers, herbs, bay leaves, beer (optional), mustard (optional), honey (optional).",3128,France,62
6/28/2026,Saleeg,Saudi Arabia,"Chicken or lamb, rice, milk, water, butter, cardamom, cinnamon, clove, Bay leaf, black lime, onion, garlic, salt, black pepper, (optional: saffron, ghee, chicken broth, lemon, ginger, tomato).",2831,India,37
6/28/2026,B-52 cocktail,Canada,"Coffee liqueur, Irish cream, orange liqueur, whipped cream (optional)",4013,Ireland,53
6/29/2026,Olomoucké Tvarůžky,Czechia,"Curd cheese, salt, water, yeast (optional), milk (optional), spices (optional).",3264,France,22
6/29/2026,Durus Kura,Bangladesh; Myanmar,"Chicken, turmeric, cardamom, cloves, cinnamon, bay leaves, yogurt, garlic, ginger, onion, chili, salt, oil, water, rice, cilantro (optional), mint (optional).",3434,India,44
6/29/2026,Blueberry Tea,Canada,"Amaretto, orange liqueur, hot black tea, orange slice (optional), honey (optional), cinnamon stick (optional)",4014,United Kingdom,37
6/30/2026,Pieds Paquets,France,"Lamb trotters, sheep tripe, onions, garlic, white wine, tomatoes, olive oil, salt, pepper, bouquet garni, parsley, (optional) carrots, (optional) bacon, (optional) potatoes, (optional) celery.",4387,France,43
6/30/2026,Arroz Caldoso,Spain,"Rice, chicken broth, onions, garlic, tomatoes, bell peppers, saffron, olive oil, chicken, fish, shellfish, white wine, peas, paprika, bay leaf, parsley, salt, pepper, (optional: shrimp), (optional: chorizo), (optional: mussels), (optional: squid), (optional: clams).",4394,Spain,51
6/30/2026,Grogue,Cape Verde,"Sugarcane, yeast, water.",1411,Jamaica,14
7/1/2026,Mititei,Romania,"Ground beef, ground pork, ground lamb, garlic, black pepper, salt, thyme, paprika, baking soda, beef broth, water, oil, (optional: coriander, allspice).",3202,Germany,29
7/1/2026,Paardenrookvlees,Belgium,"Horse meat, salt, curing salt, smoke, black pepper (optional)",3115,Mongolia,21
7/1/2026,Tibok-tibok,Philippines,"Carabao milk, cornstarch, sugar, salt, pandan leaves, coconut cream, latik (optional).",3940,Philippines,33
7/2/2026,Ossobuco,Italy,"Veal shanks, onion, carrot, celery, garlic, white wine, beef broth, tomato, olive oil, butter, lemon zest, parsley.",4422,Italy,43
7/2/2026,Acheke,Benin; Ghana; Togo; Ivory Coast,"Cassava, palm oil, fish, tomatoes, onions, habanero peppers, garlic, lime, salt, (optional) chicken, (optional) beef, (optional) shrimp, (optional) vegetables, (optional) bouillon cubes.",3056,Brazil,15
7/2/2026,Crumpet,United Kingdom,"Flour, water, milk, yeast, baking powder, sugar, salt, butter",4743,United Kingdom,77
7/3/2026,Tater Tots,United States,"Potatoes, vegetable oil, salt, pepper, flour (optional), garlic powder (optional), onion powder (optional), cheese (optional), breadcrumbs (optional).",4886,United States,87
7/3/2026,Cherry Kebab,Syria,"Cherries, lamb or beef, onions, ghee or butter, pine nuts, salt, black pepper, pomegranate molasses, cinnamon, sugar, bread or rice (optional), sumac (optional).",3144,Iran,17
7/3/2026,Chocolate Crackles,Australia; New Zealand,"Rice bubbles, cocoa powder, coconut oil or Copha, desiccated coconut, powdered sugar, (optional) sprinkles, (optional) dried fruit.",4007,Australia,19
7/4/2026,Spaghetti Alle Vongole,Italy,"Spaghetti, clams, olive oil, garlic, white wine, parsley, salt, pepper, crushed red pepper flakes (optional), lemon (optional), butter (optional), tomatoes (optional).",4862,Italy,84
7/4/2026,Pilgrim Sandwich,United States,"Turkey, stuffing, cranberry sauce, gravy, bread, mayonnaise (optional), lettuce (optional), tomato (optional).",4792,United States,79
7/4/2026,Daiquiri,Cuba,"White rum, lime juice, sugar, ice, fruit puree (optional), bitters (optional), simple syrup (optional)",3627,Cuba,21
7/5/2026,Queso Frito,Nicaragua; Puerto Rico; Mexico; Costa Rica; El Salvador; Venezuela; Dominican Republic,"Fresh white cheese, oil, flour (optional), eggs (optional), herbs (optional), spices (optional)",4283,Mexico,25
7/5/2026,Tilsit Cheese,Russia; Germany,"Cow's milk, bacterial cultures, rennet, salt, annatto (optional).",3928,France,32
7/5/2026,Pan De Coco,Philippines,"Coconut milk, flour, sugar, yeast, butter, eggs, desiccated coconut, salt, water, vanilla (optional).",4004,Philippines,35
7/6/2026,SubDog,Canada,"Footlong sandwich bread, Schneider’s all-beef hot dog, optional standard subway toppings",4426,United States,87
7/6/2026,Gan Mianpi,China,"Wheat flour, water, salt, mung bean starch, gluten, chili oil, soy sauce, black vinegar, garlic, cucumber, bean sprouts, sesame paste (optional), crushed peanuts (optional), cilantro (optional)",4318,China,47
7/6/2026,Whoopie Pie,United States,"Flour, sugar, baking powder, baking soda, salt, cocoa powder, butter, eggs, vanilla extract, milk, buttermilk, shortening, confectioners' sugar, marshmallow fluff, (optional) chocolate chips, (optional) cream cheese.",4511,United States,45
7/7/2026,Galchi-jorim,North Korea; South Korea,"Hairtail fish, radish, soy sauce, garlic, ginger, green onion, chili powder, chili pepper, sugar, sesame oil, water, (optional) tofu, (optional) potato, (optional) onion, (optional) rice wine",4369,South Korea,45
7/7/2026,Khoya Paneer,India,"Paneer, khoya, onion, tomato, ginger, garlic, green chili, cumin seeds, turmeric powder, red chili powder, garam masala, coriander powder, salt, ghee, cream (optional), cashew paste (optional), coriander leaves.",4880,India,92
7/7/2026,Lörtsy,Finland,"Wheat flour, milk, egg, sugar, salt, butter, yeast, minced meat or rice porridge, onion, allspice, black pepper, (optional: apples, raisins, cinnamon, cream cheese, jam).",3410,United Kingdom,37
7/8/2026,Chicken Chigirtma,Azerbaijan,"Chicken, onions, eggs, butter, salt, pepper, dill, (optional) garlic, (optional) saffron, (optional) yogurt, (optional) lemon juice.",2694,India,18
7/8/2026,Bacalhau À Zé Do Pipo,Portugal,"Salted cod, potatoes, onions, mayonnaise, olive oil, garlic, milk, white pepper, black olives, parsley, lemon juice, butter, cream, (optional) hard-boiled eggs, (optional) grated cheese, (optional) bay leaf.",3767,United Kingdom,27
7/8/2026,Jaffa Cakes,United Kingdom,"Sugar, flour, eggs, orange-flavored jelly, dark chocolate, butter, baking powder, milk (optional), orange zest (optional), vanilla extract (optional).",4540,United Kingdom,59
7/9/2026,Kyabetsu Tarō,Japan,"Corn grits, flour, vegetable oil, sugar, salt, aonori seaweed, sauce powder, seasoning, yeast extract, spices, starch, (optional: powdered seaweed, soy sauce powder, flavor enhancers)",4563,Japan,62
7/9/2026,Pindjur,Bulgaria; Serbia; North Macedonia,"Red bell peppers, eggplant, tomatoes, garlic, vegetable oil, salt, chili peppers (optional), vinegar (optional), sugar (optional).",3322,Italy,21
7/9/2026,O-aew,Thailand,"Jelly, red bean, ice, syrup, basil seeds (optional), fruit toppings (optional).",3306,Philippines,18
7/10/2026,Kelaguen,Guam; Northern Mariana Islands; Micronesia,"Chicken, lemon juice, green onions, freshly grated coconut, hot pepper, salt, grated ginger (optional), soy sauce (optional).",951,Mexico,21
7/10/2026,Lori,Armenia,"Goat's milk, cow's milk, sheep's milk, salt, rennet, starter culture (optional)",2484,France,21
7/10/2026,Mimosa,France,"Champagne, orange juice, triple sec (optional), grenadine (optional), Grand Marnier (optional), cherry (optional)",4423,France,41
7/11/2026,Mie Kopyok,Indonesia,"Yellow noodles, tofu, bean sprouts, cabbage, celery, fried shallots, crackers, sweet soy sauce, garlic, salt, water, beef broth, peanuts (optional), chili sauce (optional).",3824,China,30
7/11/2026,Maniçoba,Brazil,"Jatropha leaves, pork, beef, bacon, sausage, salted pork trimmings, chorizo, smoked meats, garlic, onion, bay leaves, chili pepper, (optional) cassava flour, (optional) rice, (optional) black pepper",3772,Mexico,14
7/11/2026,Zeppole,Italy,"Flour, water, butter, eggs, sugar, salt, milk, yeast, lemon zest, vanilla extract, powdered sugar, ricotta cheese (optional), custard (optional), jam (optional), honey (optional), chocolate (optional), whipped cream (optional).",4246,Italy,36
7/12/2026,Tinga,Mexico,"Chicken, onion, garlic, tomatoes, chipotle peppers, chicken broth, salt, pepper, oregano, olive oil, bay leaves, thyme, tortillas (optional), avocado (optional), sour cream (optional), cheese (optional), cilantro (optional), lime (optional)",4685,Mexico,76
7/12/2026,Pittsburgh Salad,United States,"Lettuce, tomatoes, cucumbers, onions, cheese, fries, steak, chicken (optional), ranch dressing, Italian dressing (optional), egg (optional).",4752,United States,79
7/12/2026,Dobos Torte,Hungary,"Flour, sugar, eggs, butter, vanilla extract, chocolate, cocoa powder, milk, powdered sugar, lemon juice, salt, baking powder, heavy cream, caramel, hazelnuts (optional), rum (optional).",3784,Hungary,34
7/13/2026,Zigni,Eritrea; Ethiopia; Djibouti; Somalia,"Beef, onion, garlic, ginger, berbere spice mix, tomatoes, tomato paste, oil or clarified butter, water or broth, salt, pepper, cardamom (optional), cinnamon (optional), fenugreek (optional), cloves (optional), coriander (optional), red wine (optional).",3565,Ethiopia,38
7/13/2026,Wagasi,Benin,"Cow's milk, vinegar or lemon juice, water, salt, oil (optional).",2034,Italy,24
7/13/2026,Helado De Paila,Colombia; Ecuador,"Fruit pulp, sugar, ice, water, lime juice, cinnamon (optional), panela (optional), fruit chunks (optional)",3103,Italy,26
7/14/2026,Jauhelihapizza,Finland,"Pizza dough, ground beef, tomato sauce, cheese, onion, bell pepper (optional), tomato (optional), mushroom (optional), oregano, black pepper, salt",3043,United States,40
7/14/2026,Malewa,Uganda,"Bamboo shoots, peanuts, groundnut sauce, salt, water.",2669,Nigeria,21
7/14/2026,Nanaimo Bar,Canada,"Graham cracker crumbs, butter, cocoa powder, powdered sugar, vanilla extract, egg, coconut, walnuts (optional), almond extract (optional), custard powder, heavy cream, semisweet chocolate, milk chocolate (optional).",4339,United States,36
7/15/2026,Chivito (sandwich),Uruguay,"Beef steak, ham, bacon, mozzarella cheese, tomatoes, lettuce, mayonnaise, olives, hard-boiled egg, bread, onions (optional), roasted red peppers (optional), pickles (optional), mushrooms (optional).",2575,United States,44
7/15/2026,Dakjuk,North Korea; South Korea,"Rice, chicken, water, garlic, salt, pepper, sesame oil (optional), green onion (optional), soy sauce (optional), ginger (optional).",3962,China,43
7/15/2026,Bulan Dan Mek,Thailand,"Sticky rice flour, coconut milk, sugar, (optional) food coloring",3866,Thailand,25
7/16/2026,Salchichón,Spain,"Pork, pork fat, salt, black pepper, garlic, nutmeg (optional), cloves (optional), oregano (optional).",4229,Italy,51
7/16/2026,Noodles With Tomato Egg Sauce,China,"Noodles, tomatoes, eggs, garlic, scallions, oil, salt, sugar (optional), soy sauce (optional), pepper (optional), sesame oil (optional), chicken broth (optional), ginger (optional)",4505,China,55
7/16/2026,Norman Tart,France,"Shortcrust pastry, apples, butter, cream, sugar, calvados, eggs, (almonds), (cinnamon), (vanilla).",4250,France,32
7/17/2026,Chechil,Armenia; Georgia,"Cow milk, salt, rennet, water, (optional: black cumin seeds, spices).",2826,Germany,19
7/17/2026,Kappa Ebisen,Japan,"Shrimp, wheat flour, vegetable oil, cornstarch, sugar, salt, monosodium glutamate, baking powder, citric acid, natural flavor, paprika, (optional soy sauce).",4334,Japan,37
7/17/2026,Assidat Zgougou,Tunisia,"Zgougou seeds, water, flour, sugar, milk, orange blossom water, almonds, hazelnuts, pistachios, pine nuts, walnuts, egg yolks, vanilla, rose water (optional), cinnamon (optional), pastry cream (optional).",2588,Syria,22
7/18/2026,Meat And Potato Pie,United Kingdom,"Beef, potatoes, onion, shortcrust pastry, beef stock, butter, flour, salt, pepper, Worcestershire sauce (optional), carrot (optional), peas (optional), thyme (optional).",4816,United Kingdom,83
7/18/2026,Chorizo De Bilbao,Philippines,"Pork, paprika, garlic, black pepper, salt, vinegar, bay leaves, annatto, casing, cloves (optional), nutmeg (optional), sugar (optional), curing salt (optional).",2839,Spain,23
7/18/2026,Better Than Sex Cake,United States,"Devil's food cake mix, eggs, water, vegetable oil, caramel sauce, sweetened condensed milk, whipped topping, toffee bits, chocolate syrup (optional), chocolate chips (optional), crushed cookies (optional).",4773,United States,76
7/19/2026,Rijsttafel,Indonesia; Netherlands,"Rice with various side dishes that include meats, fish, vegetables, pickles, and condiments",3765,Indonesia,18
7/19/2026,Weisswurst,Germany,"Pork, veal, bacon, lemon zest, parsley, onions, mace, ginger, nutmeg, salt, white pepper, milk, eggs, natural casings, (optional) cardamom, (optional) coriander.",4865,Germany,86
7/19/2026,Ashoka Halwa,India,"Moong dal, ghee, sugar, milk, cardamom, cashew nuts, raisins (optional), saffron (optional), wheat flour (optional), food color (optional)",4662,India,78
7/20/2026,Bedengan mekhalel,Egypt,"Eggplant, onion, olive oil, garlic, lemon juice, cumin, coriander, tomatoes, chickpeas, parsley, salt, pepper, green pepper (optional), chili pepper (optional), saffron (optional).",3259,Turkey,16
7/20/2026,Ploye,Canada,"Buckwheat flour, all-purpose flour, baking powder, salt, water, (optional: milk, sugar)",4114,Canada,27
7/20/2026,Torta della Nonna,Italy,"Flour, sugar, butter, eggs, pine nuts, lemon zest, vanilla extract, milk, cornstarch, baking powder, salt, powdered sugar, (optional) almond extract, (optional) orange zest",4300,France,43
7/21/2026,Dopiaza,Afghanistan; Iran,"Meat, onions, garlic, turmeric, ginger, black pepper, coriander, cumin, tomatoes (optional), green chilies (optional), yogurt (optional), potatoes (optional), lemon juice (optional), fresh herbs (optional)",3551,India,37
7/21/2026,Kibbeh Safarjaliyeh,Syria,"Lamb or beef, onions, bulgur, pomegranate molasses, quince, ghee or butter, salt, black pepper, allspice, cinnamon, water, lemon juice, garlic, pine nuts (optional), mint (optional)",3167,India,18
7/21/2026,Apple Cheese,Poland; Lithuania,"apples, sugar, honey (optional), cinnamon (optional), cloves (optional), nuts (optional), lemon juice (optional)",3479,United Kingdom,14
7/22/2026,Oeuf Mayonnaise,France,"Eggs, mayonnaise, mustard, vinegar, salt, pepper, chives (optional), parsley (optional), lettuce (optional).",4538,France,57
7/22/2026,Milho Frito,Portugal,"Cornmeal, water, garlic, olive oil, kale, salt, pepper, pork fat, chorizo (optional), cheese (optional).",3797,Spain,23
7/22/2026,Swiss Lemonade,Brazil,"Lime, water, sugar, ice, condensed milk (optional), sparkling water (optional), mint leaves (optional)",3735,Brazil,30
7/23/2026,Bánh Gối,Vietnam,"Pork, shrimp, wood ear mushrooms, glass noodles, onion, carrot, jicama, salt, pepper, sugar, fish sauce, shallot, garlic, egg, wheat flour, rice flour, cooking oil, water, vinegar, chili, lettuce, mint, coriander, basil (optional), lime (optional).",4118,China,28
7/23/2026,Trinxat,Spain,"Cabbage, potatoes, olive oil, garlic, salt, black pepper, bacon (optional), pork fat (optional), parsley (optional).",3681,Italy,19
7/23/2026,Danpatjuk,North Korea; South Korea,"Red beans, glutinous rice flour, water, sugar, salt, chestnuts (optional), rice cake balls (optional), pine nuts (optional)",3854,South Korea,29
7/24/2026,Fugu-nabe,Japan,"Pufferfish, kombu, tofu, napa cabbage, shiitake mushrooms, enoki mushrooms, chrysanthemum leaves, spring onions, carrots (optional), daikon (optional)",4865,Japan,88
7/24/2026,Scallop roll,United States,"Scallops, sandwich rolls, lettuce, tomato, tartar sauce, mayonnaise (optional), pickles (optional), lemon juice (optional), butter (optional), breadcrumbs (optional), flour (optional), egg (optional), salt, black pepper, hot sauce (optional)",4616,United States,63
7/24/2026,Lemon Delicious Pudding,Australia; New Zealand,"lemons, butter, sugar, eggs, flour, milk, cream (optional), icing sugar (optional)",3562,France,37
7/25/2026,Hokkien Fried Rice,Hong Kong,"Rice, shrimp, chicken, barbecue pork, peas, carrots, eggs, onions, garlic, soy sauce, oyster sauce, sesame oil, salt, pepper, spring onions, bean sprouts (optional), mushrooms (optional), bell peppers (optional).",3247,China,46
7/25/2026,Mish-mash,Bulgaria,"Eggs, tomatoes, peppers, onions, feta cheese, parsley (optional), salt, black pepper.",3349,Greece,48
7/25/2026,Tamina,Algeria,"Semolina, butter, honey, almonds (optional), cinnamon (optional).",2904,Italy,21
7/26/2026,Lihapiirakka,Finland,"All-purpose flour, butter, milk, yeast, sugar, salt, minced meat, rice, onion, black pepper, egg, (optional) nutmeg, (optional) allspice.",3319,United Kingdom,27
7/26/2026,Butterkäse,Germany,"Cow's milk, cream, salt, culture, rennet.",4040,France,30
7/26/2026,Tongba,Nepal; India,"Millet, water, yeast.",3177,China,20
7/27/2026,Sopa De Lima,Mexico,"Chicken broth, lime juice, tortilla strips, chicken breast, tomatoes, onion, garlic, cilantro, oregano, chili peppers, avocado (optional), bell peppers (optional).",4787,Mexico,79
7/27/2026,Zwieback,Netherlands; Russia,"Flour, yeast, milk, water, sugar, salt, butter, (eggs optional), (lard optional).",3468,United Kingdom,32
7/27/2026,Kue Ape,Indonesia,"Rice flour, all-purpose flour, coconut milk, sugar, salt, pandan juice (optional), baking powder (optional), vanilla extract (optional), food coloring (optional)",4032,Philippines,24
7/28/2026,Caprese Salad,Italy,"Tomatoes, mozzarella cheese, fresh basil, olive oil, salt, black pepper, balsamic vinegar (optional).",4960,Italy,96
7/28/2026,Lemon Duck,China,"Duck, lemon, ginger, garlic, soy sauce, sugar, salt, sesame oil, rice wine vinegar, scallions, chili peppers (optional), star anise (optional), coriander (optional).",4731,China,78
7/28/2026,Milk-cream Strudel,Austria; Hungary,"Flour, milk, cream, sugar, eggs, butter, salt, lemon zest, vanilla extract, raisins (optional), cinnamon (optional), powdered sugar (optional).",3689,France,32
7/29/2026,Lumpiang Ubod,Philippines,"Heart of palm, garlic, onions, carrots, bamboo shoots, shrimp, pork, lettuce, lumpia wrappers, soy sauce, fish sauce, vinegar, salt, pepper, sugar, peanuts, garlic sauce (optional), sweet chili sauce (optional).",3839,Philippines,28
7/29/2026,Hangikjöt,Iceland,"Lamb, salt, sugar, juniper, birch, water, (optional) cloves, (optional) bay leaves.",3390,United Kingdom,24
7/29/2026,Puits D'amour,France,"Puff pastry, flour, butter, sugar, eggs, milk, vanilla, cream, salt, water, jam (optional), honey (optional).",4575,France,53
7/30/2026,Bánh Khọt,Vietnam,"Rice flour, coconut milk, turmeric powder, water, salt, scallions, shrimp, mung beans (optional), pork (optional), bean sprouts (optional), herbs (optional), lettuce (optional), fish sauce, pickled carrots (optional), pickled daikon (optional), chili (optional)",4217,Vietnam,37
7/30/2026,Pancit habhab,Philippines,"Miki noodles, pork, pork liver (optional), shrimp (optional), garlic, onion, carrots, chayote, green beans, cabbage, soy sauce, fish sauce, black pepper, vinegar, cooking oil, banana leaf (optional for serving)",4083,Philippines,36
7/30/2026,Scovardă,Romania,"Wheat flour, water, salt, lard, sugar (optional), milk (optional).",2895,France,52
7/31/2026,Idiazabal Cheese,Spain,"Raw sheep's milk, salt, rennet, preservatives (optional), smokiness (optional).",4041,France,32
7/31/2026,Lemon Chicken,United States; Hong Kong,"Chicken, lemon juice, lemon zest, sugar, soy sauce, garlic, ginger, chicken broth, cornstarch, oil, salt, pepper, eggs (optional), flour (optional), vinegar (optional), honey (optional), green onions (optional), sesame seeds (optional)",4031,China,42
7/31/2026,Chelsea Bun,United Kingdom,"Flour, yeast, milk, butter, sugar, egg, salt, currants, raisins, brown sugar, cinnamon, mixed spice (optional), apricot jam, icing sugar (optional)",4325,United Kingdom,35
8/1/2026,Muneo-sukhoe,North Korea; South Korea,"Octopus, salt, vinegar, mustard paste, soy sauce, sesame seeds, garlic (optional), cucumber (optional), carrot (optional), scallion (optional), sugar (optional)",4036,Japan,63
8/1/2026,Kabanos,Poland,"pork, salt, black pepper, garlic, caraway seeds, sugar, nutmeg, paprika (optional), juniper berries (optional)",4167,Germany,33
8/1/2026,Khanom Thuai,Thailand,"Coconut milk, rice flour, tapioca flour, sugar, water, pandan leaves, coconut cream, salt, (optional) jasmine essence.",4011,Philippines,25
8/2/2026,Torly,Egypt,"Lamb or beef, potatoes, zucchini, carrots, tomatoes, bell peppers, onions, garlic, salt, black pepper, olive oil, tomato paste, cilantro, cumin, coriander, paprika, lemon juice, chickpeas, eggplants (optional), green beans (optional), peas (optional), cabbage (optional).",3381,Turkey,20
8/2/2026,Peppersoup,Nigeria; Sierra Leone; Ghana,"Meat or fish, water, onions, garlic, ginger, peppersoup spice mix, chili pepper, seasoning cubes, salt, basil leaves, crayfish (optional), scent leaves (optional).",3035,Jamaica,10
8/2/2026,Dulce De Frijol,Mexico; Guatemala,"Black beans, sugar, cinnamon, water, vanilla (optional), milk (optional), clove (optional), orange peel (optional)",3953,Mexico,24
8/3/2026,Cacciucco,Italy,"Fish, shellfish, olive oil, garlic, tomatoes, white wine, chili pepper, parsley, crusty bread, (optional) onion, (optional) celery, (optional) carrot.",4518,Italy,50
8/3/2026,Nasi Goreng Trafasie,Suriname,"Rice, chicken, shrimp (optional), onion, garlic, celery, tomato, soy sauce, chili pepper, egg (optional), green peas (optional), carrot (optional), bell pepper (optional), scallion (optional)",1367,China,32
8/3/2026,Aachener Printen,Germany,"Rye flour, sugar, syrup, cinnamon, cloves, cardamom, aniseed, coriander, allspice, nuts (optional), candied peel (optional), chocolate coating (optional).",4061,Germany,26
8/4/2026,Bammy,Jamaica,"Cassava, salt, water, coconut milk (optional), oil (for frying).",2453,Brazil,14
8/4/2026,Rfissa,Morocco,"Chicken, lentils, msemen, onions, garlic, saffron, ginger, turmeric, coriander, parsley, ras el hanout, salt, pepper, olive oil, butter, fenugreek seeds, water, smen (optional), almonds (optional), hard-boiled eggs (optional).",3134,Morocco,15
8/4/2026,Hello Panda,Japan,"Flour, sugar, palm oil, starch, cocoa powder, milk, salt, leavening agents, soy lecithin, vanilla extract, (optional: rice syrup, malted barley extract)",4555,Japan,54
8/5/2026,Mughlai Paratha,Bangladesh; India,"Flour, eggs, minced meat, onions, green chilies, ginger, garlic, spices, salt, ghee, oil, coriander leaves, turmeric, cumin, garam masala, chili powder.",4654,India,77
8/5/2026,Cifantuan,Hong Kong; Macau; China; Taiwan,"Glutinous rice, youtiao, sliced pickles, soy sauce, mustard pickles, pork floss (optional), chili sauce (optional).",4679,China,57
8/5/2026,Cascaron,Philippines,"Glutinous rice flour, coconut milk, brown sugar, grated coconut, water, vegetable oil, sweet potatoes (optional), food coloring (optional).",3972,Philippines,34
8/6/2026,Vieux Carré,Contiguous United States,"Rye whiskey, cognac, sweet vermouth, Benedictine, Angostura bitters, Peychaud's bitters, lemon peel (optional), cherry (optional)",4274,Contiguous United States,52
8/6/2026,Salmorejo,Spain,"Tomatoes, bread, garlic, olive oil, vinegar, salt, (optional) hard-boiled eggs, (optional) Serrano ham",4672,Spain,65
8/6/2026,Café Liégeois,France,"Coffee, vanilla ice cream, whipped cream, sugar (optional), chocolate shavings (optional).",4265,Italy,45
8/7/2026,Herve,Belgium,"Milk, bacterial cultures, rennet, salt.",3935,France,59
8/7/2026,Koi,Malaysia; Cambodia; Vietnam; Myanmar; Laos; Thailand,"Raw fish, lime juice, salt, chili, garlic, shallots, mint leaves, roasted rice powder, fish sauce, lemongrass, coriander leaves, spring onions, sugar, (optional) cilantro, (optional) ground roasted peanuts, (optional) banana flower.",4232,Thailand,28
8/7/2026,Jaecheop-guk,North Korea; South Korea,"Jaecheop (small freshwater clams), water, green onions, garlic, soy sauce, doenjang (fermented soybean paste), egg (optional), sesame oil (optional), red chili pepper (optional), enoki mushrooms (optional).",4660,South Korea,73
8/8/2026,Macarona Bil-bechamel,Egypt,"Pasta, ground beef, onion, garlic, tomato sauce, béchamel sauce, butter, flour, milk, cheese, salt, pepper, nutmeg (optional), cinnamon (optional), allspice (optional), bay leaves (optional), chili flakes (optional).",3153,Italy,55
8/8/2026,Lontong,Indonesia,"Rice, banana leaves, water, coconut milk, salt, sugar, peanuts (optional), boiled eggs (optional), tofu (optional), tempeh (optional), curry spices (optional), vegetables (optional).",3991,Indonesia,22
8/8/2026,Passion Fruit Mousse,Brazil; Portugal,,3659,Brazil,21
8/9/2026,Weisslacker,Germany,"Cow's milk, salt, rennet, bacterial cultures, cream (optional).",4550,Germany,54
8/9/2026,Scotch Woodcock,England,"Eggs, butter, cream, anchovies, bread, cayenne pepper, black pepper, salt, parsley (optional)",4050,England,20
8/9/2026,Licitar Hearts,Croatia; Slovenia,"Flour, sugar, honey, water, baking soda, eggs, lemon zest, ground anise (optional), ground cinnamon (optional), ground cloves (optional), food coloring (optional).",3326,Mexico,20
8/10/2026,Pizza Marinara,Italy,"Flour, water, yeast, salt, tomatoes, garlic, oregano, extra virgin olive oil, fresh basil (optional), red pepper flakes (optional)",4879,Italy,89
8/10/2026,Xingal,Azerbaijan,"Flour, water, egg, salt, meat, onion, butter, broth, black pepper, sumac (optional), chopped herbs (optional)",2874,Turkey,19
8/10/2026,Vetkoek,South Africa,"Flour, yeast, sugar, salt, warm water, milk, oil, minced meat (optional), curry powder (optional), onions (optional), tomato paste (optional), spices (optional).",2757,India,29
8/11/2026,Murukku,India,"Rice flour, urad dal flour, butter, sesame seeds, cumin seeds, asafoetida, salt, water, (optional) ajwain, (optional) chili powder.",4385,India,63
8/11/2026,Yakimochi,Japan,"Glutinous rice, sugar, salt, soy sauce, water, red bean paste (optional).",4603,Japan,54
8/11/2026,Planter's Punch,Jamaica,"Dark rum, lime juice, sugar, grenadine (optional), Angostura bitters (optional), pineapple juice (optional), orange juice (optional), soda water (optional), nutmeg (optional)",3996,Jamaica,43
8/12/2026,Chicken Maryland,Contiguous United States,"chicken, flour, breadcrumbs (optional), salt, black pepper, cooking oil, bacon, banana, pineapple (optional), corn fritter, gravy",3969,Contiguous United States,34
8/12/2026,Yuvarlakia,Greece,"Ground meat, rice, onion, egg, lemon juice, dill, parsley, flour, water, salt, pepper, olive oil, (optional: oregano, mint)",3676,Greece,24
8/12/2026,Ji Dan Gao,Taiwan,"Eggs, sugar, cake flour, baking powder, milk, vanilla extract (optional), oil (optional).",3026,Japan,37
